#,age,Name,Player,Achievements,Unnamed: 3,Unnamed: 4,Unnamed: 5,Earnings
1,26.0,Stéphane Lebleu,Shaiiko,,20,14,6,"$882,912"
2,28.0,Loïc Chongthep,BriD,,16,18,3,"$750,959"
3,26.0,Jaime Ramos,Cyber,,10,2,10,"$593,322"
4,24.0,Gustavo Herdina,HerdsZ,,5,9,8,"$557,192"
5,22.0,Diego Zanello,Kheyze,,6,10,8,"$557,089"
6,22.0,João Vitor,Jv92,,8,6,10,"$556,901"
7,28.0,Troy Jaroslawski,Canadian,,11,10,7,"$547,040"
8,24.0,Lucas Romero Schinke,soulz1,,11,2,8,"$547,039"
9,21.0,Théo Mariano,LikEfac,,11,9,1,"$541,864"
10,23.0,Felipe De Lucia,FelipoX,,5,4,9,"$541,572"
11,29.0,Bryan Tebessi,Elemzje,,20,13,8,"$518,075"
12,31.0,Olivier Vandroux,Renshiro,,18,12,7,"$508,571"
13,30.0,Julio Coelho Neto Giacomelli,Julio,,4,11,8,"$486,596"
14,29.0,Emilio Leynez Cuevas,Geometrics,,4,8,6,"$473,133"
15,23.0,Jason Doty,Beaulo,,7,6,4,"$458,811"
16,,,KDS,,8,3,10,"$458,418"
17,26.0,Gustavo Eugênio Rigal Dos Santos,Psycho,,4,9,9,"$454,066"
18,22.0,Felipe Sá Ferreira,nade,,4,3,6,"$444,588"
19,30.0,André Oliveira,nesk,,9,11,11,"$444,186"
20,24.0,Alec Fultz,Fultz,,8,4,8,"$435,896"
21,24.0,Gabriel Fernandes Meliato Paravizo,pino,,3,6,5,"$429,285"
22,26.0,Artur Ipatov,ShepparD,,18,8,5,"$422,166"
23,25.0,Luccas Vinicius Molina,Paluh,,15,8,10,"$421,838"
24,26.0,Danil Gabov,JoyStiCK,,16,8,5,"$421,541"
25,24.0,Murilo Ripoli Moscatelli,Muzi,,3,5,5,"$419,445"
26,30.0,Jake Grannan,Virtue,,5,7,5,"$415,226"
27,26.0,Juhani Toivonen,Kantoraketti,,13,7,4,"$408,952"
28,23.0,Victor Augusto dos Santos,VITAKING,,11,4,6,"$393,767"
29,25.0,Bryan Wrzek,Merc,,7,6,4,"$389,821"
30,22.0,Thiago Sá Ferreira,Handyy,,7,1,7,"$389,781"
31,26.0,João Fabiano De Campos Gomes,Kamikaze,,4,8,8,"$389,489"
32,23.0,Karl Azevedo Zarth,Alem4o,,4,4,2,"$388,937"
33,27.0,Matthew Solomon,Achieved,,7,7,3,"$386,666"
34,29.0,Dylan Bosco,Bosco,,8,4,8,"$376,983"
35,27.0,Niclas Mouritzen,Pengu,,14,5,6,"$372,503"
36,24.0,Josh Pritchard,Yuzus,,10,10,6,"$371,418"
37,25.0,Jack Robertson,Doki,,8,4,4,"$365,863"
38,24.0,Fatih Türker,Solotov,,9,7,7,"$365,082"
39,26.0,Nathanial Duvall,Rampy,,9,4,7,"$363,268"
40,24.0,Danila Dontsov,dan,,10,7,4,"$351,471"
41,21.0,Benjamin Dereli,Benjamaster,,5,5,8,"$349,705"
42,30.0,Fabian Hällsten,Fabian,,13,4,6,"$344,479"
43,30.0,Daniel Mazorra Romero,Goga,,11,2,5,"$318,997"
44,27.0,Dmitry Semenov,Scyther,,13,8,3,"$313,554"
45,27.0,Brady Davenport,Chala,,5,4,2,"$312,733"
46,32.0,Joonas Savolainen,jNSzki,,10,2,4,"$299,247"
47,26.0,Javier DeAndre Escamilla,Thinkingnade,,6,2,5,"$296,413"
48,26.0,Matthew Stevens,Hotancold,,7,3,9,"$294,783"
49,21.0,Gabriel Fernandes,volpz,,3,10,4,"$292,724"
50,31.0,Gabriel Hespanhol,cameram4n,,6,5,11,"$275,237"
51,31.0,Paulo Augusto Arneiro Lourenço,psk1,,8,3,8,"$275,083"
52,24.0,Byron Murray,Blurr,,5,2,3,"$267,276"
53,23.0,Dmitry Mitrahovich,Always,,6,6,4,"$266,131"
54,27.0,Adrien Rutik,RaFaLe,,9,13,7,"$260,880"
55,25.0,Davide Bucci,FoxA,,7,4,14,"$258,094"
56,25.0,José Victor Santos De Souza,Bullet1,,8,1,7,"$247,140"
57,22.0,Leonardo Biondi Figueiredo,Kyno,,4,4,4,"$243,859"
58,27.0,Leonardo Luis Buzzachera,Astro,,5,4,12,"$236,896"
59,25.0,Thiago Reis,xS3xyCake,,9,3,8,"$229,776"
60,23.0,Lorenzo Gomes Volpi,Lagonis,,5,7,4,"$223,700"
61,22.0,Pablo Oliveira,resetz,,3,5,4,"$221,542"
62,21.0,William Löfstedt,Spoit,,11,5,1,"$216,479"
63,23.0,Nick Rapier,njr,,3,4,5,"$214,788"
64,,,Jlad,,11,8,3,"$214,344"
65,27.0,Tyler McMullin,Ecl9pse,,6,6,8,"$213,383"
66,27.0,João Deam,HSnamuringa,,7,5,8,"$211,714"
67,27.0,Franklyn Andres Cordero,VertcL,,4,8,7,"$202,834"
68,22.0,Roberto Feliciano,Panbazou,,2,3,5,"$200,145"
69,30.0,Aleksi Työppönen,UUNO,,6,7,5,"$197,451"
70,22.0,Leonardo Lopes,d4sh,,5,3,4,"$197,057"
71,23.0,João Miranda,Dotz,,4,2,4,"$196,872"
72,28.0,Gabriel Mirelez,LaXInG,,5,4,11,"$196,746"
73,,,Okillz,,8,9,4,"$195,888"
74,22.0,Júlio Gabriel,L0BIN,,3,8,5,"$192,554"
75,27.0,Alexander Magor,Skys,,5,4,7,"$189,117"
76,22.0,David Ifidon,iconic,,4,3,0,"$187,488"
77,24.0,Paul Kontopanagiotis,Hyper,,4,6,4,"$186,825"
78,20.0,Fahad Albabtain,P9,,11,8,1,"$186,344"
79,26.0,Ben McMillan,CTZN,,10,4,3,"$185,419"
80,24.0,Reon Sakai,Anitun,,9,7,7,"$182,830"
81,24.0,Sho Hasegawa,BlackRay,,9,7,7,"$182,830"
82,23.0,Lucas Dias,DiasLucasBr,,3,6,4,"$182,553"
83,22.0,Arthur Oliveira,GMZ,,2,6,4,"$181,594"
84,26.0,Richard Coronado,Rexen,,8,5,5,"$180,512"
85,22.0,Evan Nelson,Yoggah,,4,2,4,"$177,819"
86,24.0,Pablo Rebeil,Gryxr,,9,3,5,"$175,286"
87,26.0,Eugene Petrishin,karzheka,,10,3,4,"$170,735"
88,22.0,Jack Burkard,J9O,,4,2,2,"$169,704"
89,25.0,Roman Breaux,Forrest,,6,3,3,"$168,174"
90,23.0,Nathan Sharp,Nafe,,5,2,6,"$166,431"
91,,,Q6z.,,6,8,1,"$164,475"
92,23.0,Zachary Dionne,SpiriTz,,6,3,2,"$163,236"
93,,,Joker619,,8,7,4,"$161,417"
94,26.0,Takuma Nakajima,SuzuC,,9,9,5,"$155,916"
95,26.0,Mitch Malson,Dream,,5,4,4,"$150,175"
96,25.0,Leon Giddens,LeonGids,,7,4,5,"$145,625"
97,23.0,Pavel Kosenko,p4sh4,,3,3,9,"$144,873"
98,24.0,Denis Navas,Dodez,,2,1,5,"$140,641"
99,23.0,Taiyo Hirayama,Ayagator,,7,6,4,"$132,997"
100,32.0,Valentin Liradelfo,risze,,13,3,9,"$132,462"
101,28.0,Bastien Dulac,BiBoo,,7,10,8,"$132,264"
102,23.0,Gaven Black,Gaveni,,4,1,3,"$131,963"
103,28.0,Maurice Erkelenz,AceeZ,,9,3,3,"$130,306"
104,22.0,Gabriel Santos,AsK,,4,4,6,"$130,277"
105,,,Madskills,,7,6,0,"$129,067"
106,22.0,Gabriel Araujo Maia,Maia,,3,4,4,"$126,497"
107,,,Hashom,,14,9,1,"$125,618"
108,32.0,Kim Seong-soo,EnvyTaylor,,26,7,6,"$123,006"
109,20.0,Shaun Pottorff,Gunnar,,10,5,6,"$122,656"
110,21.0,Ethan James,Nuers,,2,2,3,"$121,933"
111,25.0,Kaique Stephano Moreira,Faallz,,1,2,7,"$121,183"
112,25.0,Tassus Scarinci Buchabqui Issi,reduct,,1,2,7,"$120,780"
113,24.0,Hideki Nishida,gatorada,,9,7,5,"$120,753"
114,24.0,Luca Ribeiro Sereno,LuKid,,2,2,5,"$120,536"
115,31.0,Pascal Alouane,cryn,,7,1,2,"$120,037"
116,29.0,Ahmet Hasan,SRSLy,,11,6,1,"$117,905"
117,26.0,Mohammed Alghamdi,MSSS,,4,6,1,"$117,690"
118,24.0,Patrick Fan,MentalistC,,2,3,3,"$116,795"
119,29.0,Yoo Sang-hoon,yass,,10,8,10,"$116,721"
120,24.0,Nicolas Rimbaud,P4,,5,3,6,"$113,467"
121,,,Rappz,,2,2,6,"$112,140"
122,28.0,Leon Pesić,neLo,,8,3,5,"$110,439"
123,,,Caneo,,1,4,3,"$109,579"
124,25.0,Aaron Dugger,Shuttle,,7,3,1,"$108,740"
125,30.0,Lee Si-hun,Nova,,21,9,6,"$108,261"
126,22.0,Park Jin-wook,Woogiman,,12,6,6,"$105,694"
127,23.0,Jo Sung-jun,coted,,11,6,6,"$105,641"
128,31.0,Kyle Lander,Mint,,3,3,7,"$105,150"
129,26.0,Axel Freisberg,Shiinka,,5,2,7,"$104,364"
130,,,X.Ke,,12,8,1,"$104,285"
131,22.0,Yanis Dahmani,Mowwwgli,,6,1,5,"$101,716"
132,26.0,Han Chan-yong,Static,,24,6,6,"$101,651"
133,25.0,Lukas Zwingmann,korey,,8,7,1,"$101,290"
134,23.0,Taiyo Kitano,Taiyou,,12,1,4,"$100,893"
135,28.0,Artyom Simakov,Shockwave,,9,5,5,"$100,646"
136,22.0,Osama Al Zahrani,Tr1ixd,,11,8,1,"$100,510"
137,26.0,Sumate Srimabut,i9,,18,9,12,"$98,713"
138,28.0,Austin Trexler,Yung,,5,6,3,"$98,313"
139,25.0,Hussein Ali Shrara,Valantino,,3,5,7,"$97,825"
140,19.0,Liam Paz,Ashn,,11,3,2,"$96,261"
141,22.0,Caio Szazi,Neskin,,3,2,5,"$95,003"
142,22.0,Aoi Tanigawa,Wqsyo1,,12,1,4,"$94,165"
143,26.0,Nathan Valenti,nvK,,5,5,2,"$93,855"
144,22.0,Riku Katou,Rec,,9,1,3,"$93,186"
145,26.0,Luke Kendrew,Kendrew,,9,3,3,"$92,673"
146,24.0,Mohamed Matin bin Mohamed Yunos,SpeakEasy,,8,6,4,"$92,188"
147,25.0,Szymon Kamieniak,Saves,,10,1,3,"$92,119"
148,26.0,Alexander Lloyd,Retro,,4,1,4,"$91,696"
149,25.0,Tom Pieksma,Deapek,,10,3,3,"$91,102"
150,,,Necrox,,3,5,1,"$90,812"
151,25.0,Jang Byeong-uk,RIN,,7,7,5,"$90,530"
152,23.0,Lee Hyo-jun,Harp3rXD,,11,5,6,"$89,552"
153,27.0,Alexander Lawson,Yeti,,5,2,5,"$86,203"
153,25.0,Lim Heon-seong,Yeti,,5,2,5,"$86,203"
154,,,Levy,,3,3,4,"$85,159"
155,26.0,Etienne Rousseau,Mag,,5,2,3,"$84,828"
156,21.0,Souma Kitamura,FishLike,,9,0,1,"$83,693"
157,,,Pojoman,,2,1,5,"$82,476"
158,27.0,Jason Chen,Lusty,,7,2,3,"$81,273"
159,24.0,Song Dong-seon,SyAIL,,11,8,8,"$80,968"
160,27.0,Atibordee Noichan,Sapper,,22,9,8,"$80,150"
161,22.0,Aldi Firmansyah,Hovenherst,,5,7,3,"$79,958"
162,23.0,Omar Al Dajani,Eaglex99,,7,7,9,"$78,646"
163,24.0,Adithep Channuan,DCH,,21,7,9,"$78,597"
164,23.0,Evan Bushore,Kanzen,,2,5,6,"$77,993"
165,33.0,Ville Palola,SHA77E,,7,3,4,"$77,470"
166,24.0,Paramin Suwanwattana,sprOnigiri,,16,6,6,"$77,206"
167,26.0,Jan Philipp Hucke,ripz,,5,3,3,"$76,864"
168,22.0,Marc Steinmann,jume,,10,12,10,"$76,580"
169,27.0,Spencer Oliver,Slashug,,3,3,9,"$75,169"
170,22.0,Lee Si-hyeon,Soldier,,5,5,5,"$74,019"
171,21.0,Wu Weichen,Reeps96,,2,2,0,"$73,970"
172,36.0,Seth Hoffman,supr,,3,4,4,"$73,912"
173,25.0,Heo Se-woong,CATsang,,6,12,5,"$72,690"
174,31.0,Rafael Loureiro Freitas,mav,,2,3,6,"$71,895"
175,,,Sageon,,10,6,6,"$71,861"
176,20.0,Ayden Gabari,dfuzr,,3,1,0,"$71,780"
177,26.0,Yuusuke Sashiyama,Pyon,,11,1,4,"$68,741"
178,25.0,Luiz Augusto da Silva Abrantes,Miracle,,1,1,8,"$68,679"
179,24.0,Luke Casey,Tyrant,,3,2,7,"$68,440"
180,27.0,Lucca Cesana Coser,MKing,,3,1,3,"$67,518"
181,,,kondz,,4,2,3,"$66,490"
182,31.0,Théophile Dupont,Hicks,,7,3,2,"$66,426"
183,27.0,Kim Dae-yeong,Demic,,5,9,11,"$66,383"
184,,,Guardz,,5,5,4,"$65,123"
185,,,Dov2hkiin,,4,5,4,"$64,944"
186,26.0,Morgan Ishizaka,Fishoguy,,13,3,3,"$64,135"
187,20.0,Gustavo Gomes,Wizard,,4,1,5,"$64,064"
188,27.0,Mark Arismendez,Mark,,3,0,5,"$63,893"
189,29.0,Rickard Olofsson,Secretly,,7,3,4,"$63,145"
190,33.0,João Gabriel Nerici,yoona,,1,4,5,"$62,927"
191,25.0,Jeremy Mao Xuan Tan,HysteRiX,,8,7,2,"$62,911"
192,25.0,Sillapakorn Dokmaikhaw,Lycolis,,7,13,6,"$62,709"
193,31.0,Glen Suryasaputra,Lunarmetal,,9,4,2,"$62,405"
194,19.0,Jaylen Turk,Ambi,,9,2,3,"$62,120"
195,20.0,Taylor Ching,Terdsta,,2,1,0,"$61,601"
196,22.0,Rennan Vitor De Paula Silva,R4re,,1,0,3,"$61,537"
197,21.0,Ryuya Hamasita,Chibisu,,0,1,2,"$60,541"
198,22.0,Diogo Dutra Lima Britto da Silva,Fntzy,,1,1,3,"$60,468"
199,,,OF4LCoN,,8,4,1,"$60,328"
200,28.0,Yuta Inoue,ReyCyil,,0,5,5,"$60,244"
201,,,live,,4,1,5,"$60,227"
202,34.0,Brandon Carr,BC,,2,4,0,"$58,812"
203,21.0,Adam Hryceniak,nudl,,2,3,4,"$58,781"
204,22.0,Vitor Peres,peres,,4,2,1,"$58,632"
205,21.0,Lee Ji-heon,GoodBoy,,6,7,3,"$58,157"
206,23.0,Anastasios Hatzis,Odah,,8,3,4,"$58,095"
207,26.0,Ryuki Matsuoka,Ramu,,3,2,2,"$57,620"
208,,,Novys,,0,1,3,"$57,477"
209,23.0,Jacob Bravico,Sweater,,3,1,2,"$56,993"
210,,,MadLegend,,7,3,1,"$56,788"
211,25.0,Ronaldo Osawa,ion,,1,3,7,"$56,330"
212,36.0,Leo Duarte Borges Pinto,ziGueira,,2,2,3,"$56,002"
213,29.0,Niklas Massierer,KS,,8,4,2,"$55,673"
214,28.0,Tsukasa Asano,Merieux,,1,3,5,"$55,208"
215,28.0,Kevin Skokowski,Easilyy,,3,2,6,"$55,026"
216,25.0,Youssef,GoldenPickl3,,1,4,7,"$54,772"
217,29.0,Lucas Konstantin Reich,Hungry,,12,5,6,"$53,744"
218,23.0,Thiago Torres Gutierro Navarro,LENDA,,1,2,4,"$53,563"
219,23.0,Guilherme Bassetto,Bassetto,,6,4,3,"$53,351"
220,28.0,Adrian Wui Hong Rui,Ysaera,,6,3,4,"$53,273"
221,24.0,Pasatron Boonrubasb,Darkk,,3,8,4,"$52,941"
222,24.0,Zachary Thomas,Nyx,,2,7,4,"$52,839"
223,23.0,Jimmy Vojtasik,DEADSHT,,3,3,1,"$52,551"
224,24.0,Sirasit Ariyasirisopol,BGMan,,2,7,7,"$52,291"
225,,,SAxTurki,,1,5,4,"$51,859"
226,28.0,Morgan Pacy,rxwd,,5,1,4,"$51,746"
227,,,Atom,,6,1,4,"$51,679"
228,21.0,Park Ju-wan,Mephi,,3,8,2,"$51,414"
229,23.0,Jordan Cheng Jia Heng,Jrdn,,6,4,1,"$51,230"
230,23.0,Jake Fortunato,Leadr,,4,3,0,"$50,967"
231,,,Brendo,,6,2,2,"$50,471"
232,23.0,Hwang Hyeon-jin,Arukaze,,5,6,1,"$49,920"
233,24.0,Alexandre Thomas,BlaZ,,8,7,7,"$49,864"
234,21.0,Sho Endo,Sironeko,,0,1,2,"$49,246"
235,29.0,Toya Miyazawa,Papilia,,0,5,4,"$48,754"
236,33.0,Julian Blin,ENEMY,,10,7,9,"$47,811"
237,21.0,Lucas Da Silva Alves,Savage,,5,2,5,"$47,455"
238,22.0,Damian Medina,Surf,,2,2,1,"$47,376"
239,20.0,Nina Abe,Nina,,3,3,0,"$47,317"
240,21.0,Dawid Marciniak,Gruby,,1,6,5,"$47,229"
241,,,Tex,,5,0,2,"$47,164"
242,20.0,Chris Park,Spiff,,7,2,2,"$46,644"
243,24.0,Cai Hong-ting,Souffle,,9,5,1,"$46,548"
244,,,Flastry,,2,2,4,"$45,975"
245,24.0,Issac Moore,Wettables,,3,3,2,"$45,752"
246,23.0,Lin Yu-siang,Pikan,,8,5,1,"$45,524"
247,24.0,Issei Asakura,LuA,,7,3,4,"$45,088"
248,23.0,Hong Sang-yeong,Misa,,3,2,4,"$44,152"
249,24.0,Luiz Vinicius Pimentel Salgado,SKaDinha,,1,0,1,"$44,050"
250,27.0,Matthew McHenry,Acez,,5,2,2,"$43,738"
251,31.0,Guilherme Alf,gohaN,,2,0,5,"$43,318"
252,20.0,Kritsanai Saemsub,KritJ,,0,3,4,"$43,011"
253,28.0,Ferenc Mérész,SirBoss,,2,3,3,"$42,728"
254,25.0,Ethan Wombwell,RizRaz,,5,1,2,"$42,588"
255,,,LoneSoldier,,1,5,6,"$42,435"
256,,,EmoRin,,7,4,2,"$42,166"
257,22.0,Jeong Hyun-seok,Rider,,3,1,6,"$42,094"
258,27.0,Kevin Pranowitz,Prano,,2,1,5,"$41,938"
259,21.0,Shuuhei Yaguchi,ShuReap,,1,2,1,"$41,650"
260,27.0,Nathan Harding,Grizzly,,1,2,7,"$41,191"
261,27.0,Ellis Pyart,Pie,,2,1,2,"$41,020"
262,32.0,Jean Prudenti,RevaN,,9,4,8,"$41,018"
263,29.0,Matthew Sharples,meepeY,,6,3,6,"$40,995"
264,26.0,Vitor Hugo Meneses Gonçalves,hugzord,,0,1,5,"$40,920"
265,29.0,Jouni Salo,Bounssi,,3,4,5,"$40,877"
266,20.0,Jay Wan,Asphy,,2,1,0,"$40,562"
267,25.0,Gabriel Pacheco,h1ghs,,0,1,2,"$40,323"
268,,,Arcully,,0,1,1,"$40,266"
269,27.0,Yudai Ichise,Wokka,,1,1,2,"$39,880"
270,38.0,Niklas Ojalainen,Willkey,,3,4,3,"$39,865"
271,26.0,Alan Ali,Rask,,1,4,7,"$39,312"
272,22.0,Koo Min-seong,RoyBoy,,4,3,6,"$38,977"
273,,,Amer,,0,2,1,"$38,143"
274,26.0,Renato Luiz,rhZ,,3,0,3,"$37,806"
275,21.0,Razaan Adiprakasa,Ape,,3,5,4,"$37,798"
276,30.0,Ethan Picard,Ethan,,7,3,3,"$37,329"
277,27.0,Artyom Morozov,wTg,,1,4,6,"$37,197"
278,23.0,Marko Pilia,Gsla,,3,1,1,"$37,180"
279,22.0,Johann Raddatz,Jay,,3,1,3,"$36,831"
280,28.0,Wagner Alfaro,wag,,0,3,5,"$36,704"
280,21.0,Wagner Vinicius Ferrari Ribeiro,wag,,0,3,5,"$36,704"
281,27.0,Pedro Dutra,pzd,,2,4,5,"$36,561"
282,24.0,Jake Brown,Sloth,,3,2,4,"$36,347"
283,29.0,Dimitri de Longeaux,Panix,,9,5,9,"$36,205"
284,23.0,Jordan Morley,Kayak,,1,4,2,"$35,584"
285,,,i3z,,1,2,4,"$35,302"
286,,,Jon,,2,5,5,"$35,005"
287,25.0,Kim Sang-woo,JLT,,3,0,6,"$34,692"
288,26.0,Kwon Yu-geun,h3dy,,14,5,2,"$34,573"
289,21.0,James Hatfield,Hat,,1,2,3,"$34,565"
290,19.0,Adrian Tryka,Adrian,,4,2,6,"$34,181"
291,,,Mantcal,,4,3,2,"$33,828"
292,23.0,Saravut Mandee,Markelelele,,10,5,3,"$33,661"
293,,,Zoldyck,,8,2,1,"$33,489"
294,23.0,Luigi Ferrigno,Gemini,,0,2,2,"$33,469"
295,21.0,Jaidan Franz,Packer,,7,3,5,"$33,219"
296,24.0,Léo Robine,Alphama,,4,2,1,"$32,923"
297,23.0,Willian da Costa Gonçalves,Stk,,3,1,6,"$32,790"
298,,,Robby,,6,1,0,"$32,710"
299,30.0,Shinji Funai,ShiN,,8,3,3,"$32,707"
300,22.0,Jigen Akaiwa,Kawa,,1,4,2,"$32,380"
301,24.0,Yuuya Okazaki,Aokayu,,1,4,2,"$32,380"
302,,,SkMzY,,6,5,2,"$32,272"
303,21.0,Phuriphat Kessaneeyabut,MrPuncH,,10,4,2,"$32,146"
304,24.0,Kazuki Yamane,Lily,,0,4,8,"$31,854"
305,,,Phish,,1,1,3,"$31,747"
306,,,Diesel,,5,2,0,"$31,287"
307,19.0,Elian Rodriguez,Kobelax,,5,1,1,"$31,233"
308,23.0,Callum Humphreys,Neonical,,3,3,4,"$31,073"
309,30.0,Martin Eberhard,Spark,,3,9,3,"$30,653"
310,25.0,Oscar Sepúlveda,Toski,,8,3,0,"$30,500"
311,22.0,Oscar Deacon,Oscr,,2,5,3,"$30,438"
312,,,Azzr,,5,2,0,"$30,349"
313,25.0,Naoki Kobayashi,Afro,,7,2,3,"$30,058"
314,,,Juicy,,6,6,8,"$29,391"
315,,,Y4zan,,0,4,1,"$29,124"
316,22.0,Wu Chih-ying,Jackywu,,3,3,4,"$29,068"
317,31.0,Otto Heikkinen,pannari,,4,3,2,"$29,025"
318,,,SkyGuardian,,1,3,2,"$28,984"
319,,,Jsh,,6,5,8,"$28,745"
320,27.0,Terrell Lee,England,,1,5,3,"$28,544"
321,,,Snake,,6,8,4,"$28,519"
322,24.0,Xavier Avoine,Eskaa,,3,2,1,"$28,486"
323,,,HealthcareOG,,6,11,5,"$28,416"
324,26.0,Hayade Tsuda,febar,,3,5,0,"$28,339"
325,22.0,Keagen Smith,P3NGU1N,,3,1,0,"$28,315"
326,22.0,Pirapat Pimthanapoonporn,AnGryX,,14,5,4,"$28,242"
327,26.0,Bryan Agema,Bryan,,1,1,6,"$28,182"
328,19.0,Roberto Camargo,Loira,,0,0,1,"$27,886"
329,,,Morphed,,10,4,1,"$27,875"
330,21.0,Iván Campa Paredes,Ivan,,8,2,1,"$27,853"
331,27.0,Daniel An,NeophyteR,,3,1,2,"$27,600"
332,21.0,Noah Rodriguez Urwitz,NoaUrz,,2,2,1,"$27,420"
333,22.0,Matthew Macway,Dpfire,,2,3,0,"$27,377"
334,25.0,Taku Murakami,No2,,4,1,1,"$27,166"
335,,,F44az,,0,1,3,"$27,159"
336,,,GdNN1,,2,4,4,"$26,691"
337,20.0,Reece Lambert,ASTRO,,6,5,5,"$26,682"
338,33.0,Taylor Mayeur,Redeemer,,1,1,2,"$26,592"
339,,,Kixhro,,6,5,3,"$26,573"
340,26.0,Taiga Katagari,Taipon,,7,2,3,"$26,386"
341,,,Jarvis,,4,1,4,"$26,329"
342,,,Avian,,4,5,3,"$26,264"
343,30.0,Khalil Pleas,b1ologic,,3,1,4,"$26,177"
344,23.0,Reinaldo Gilbert,Tolji,,5,7,3,"$26,150"
345,23.0,Victor Hugo Lopes de Araujo,Hornetao,,4,1,3,"$26,060"
346,23.0,Josias Ezequiel Altamirano,Soco,,2,1,2,"$25,931"
347,28.0,Gaël Gruyere,Liven,,6,2,4,"$25,916"
348,27.0,Brandon Sathongnhot,Euphoria,,3,2,2,"$25,830"
349,24.0,Huang Chih-hang,HARAM3E.,,6,1,2,"$25,657"
350,,,Fonkers,,3,2,3,"$25,616"
351,26.0,Hou Tsung-cheng,Ed,,7,6,1,"$25,476"
352,27.0,José Abad Cruz Diaz,Motumbo,,9,2,1,"$25,239"
353,21.0,Rodrigo Iván Quiroz Ramírez,Rovi,,3,1,0,"$25,186"
354,22.0,Edoardo Treglia,T3b,,6,1,1,"$25,067"
355,23.0,Peter Christie-Cnossen,Silent,,4,6,7,"$25,027"
356,28.0,Choi Min-ho,CrazyBoy,,1,6,6,"$24,994"
357,22.0,Federico Miller,Pechito,,4,2,4,"$24,948"
358,27.0,Lee Seong-beom,Kanos,,3,4,8,"$24,865"
359,24.0,Logan Parker,Sonar,,2,1,0,"$24,818"
360,,,Gity,,11,5,4,"$24,777"
361,,,Eddy,,5,4,7,"$24,651"
362,28.0,Nolan Crouzery,Joghurtzz,,4,2,3,"$24,543"
363,34.0,George Kassa,KingGeorge,,1,0,3,"$24,485"
364,22.0,Lorenzo Masuccio,Lollo,,2,2,2,"$24,451"
365,26.0,Ivan Federico Dal Molin,Ragn4r,,7,1,2,"$24,353"
366,26.0,Takumi Iwasaki,JJ,,1,5,8,"$24,235"
367,29.0,Vincent Baucino,Falko,,4,1,2,"$24,215"
368,23.0,Im Seung-hwan,saeyeora,,2,3,4,"$23,963"
369,24.0,Patrick Wines,Pat,,5,2,3,"$23,945"
370,,,Rento,,1,1,1,"$23,848"
371,,,Renuilz,,5,2,2,"$23,680"
372,25.0,Jonas Kaczmarzyk,Jonka,,4,3,2,"$23,576"
373,,,ZephiR,,1,6,5,"$23,552"
374,20.0,Charlie Foote,Creedz,,4,2,2,"$23,406"
375,25.0,Ali Mohammed,mL77A,,2,1,2,"$23,402"
376,23.0,Alessio Aquilano,Aqui,,2,2,2,"$23,118"
377,27.0,Brendan Carr,Derpeh,,3,2,2,"$22,993"
378,24.0,Chen Rui-wei,Ray,,5,5,2,"$22,842"
379,33.0,Lee In-yeop,Neilyo,,13,0,1,"$22,799"
380,,,sTiZze,,5,1,2,"$22,709"
381,28.0,Tomás Freddo Otañi,TomHagen,,2,2,5,"$22,626"
382,23.0,Peter Bull,Pacbull,,2,1,0,"$22,534"
383,21.0,Siwa Kaewtossapone,Nerix,,9,4,4,"$22,251"
384,24.0,Alex Nordlund,SlebbeN,,2,1,3,"$22,126"
385,26.0,Naoki Takamoto,Yura,,1,3,4,"$22,080"
386,28.0,Medhi Marty,Kaktus,,6,4,4,"$21,975"
387,24.0,Daniel Castelo,P1XIE,,5,3,0,"$21,972"
388,21.0,Jesse Ojanen,Jeggz,,6,4,1,"$21,589"
389,21.0,Yuuta Yanagi,Tyopi,,0,1,2,"$21,540"
390,,,Wifi,,4,5,2,"$21,186"
391,23.0,Jack Gillies,Jigsaw,,4,5,1,"$21,094"
392,,,Hayward,,3,5,4,"$21,012"
393,,,FightiR,,3,0,0,"$21,000"
394,24.0,Vincent Daniele,Vincere,,4,4,3,"$20,996"
395,,,DD,,1,0,2,"$20,874"
396,22.0,Andrey Mironov,m1loN,,1,2,5,"$20,786"
397,24.0,Georgi Stoyanov,GorgoNa,,1,2,3,"$20,757"
398,,,Hajime,,6,11,5,"$20,750"
399,21.0,Yuki Ishii,YuKiz,,0,3,0,"$20,635"
400,26.0,Hikaru Osawa,Li9ht,,0,3,6,"$20,295"
401,24.0,Jang Hyun-jun,dmaly,,2,0,2,"$20,294"
402,24.0,Toya Kojima,solty,,1,3,3,"$20,174"
403,,,Worthy,,5,2,4,"$20,167"
404,29.0,Cha Won-il,iLeven,,1,5,10,"$19,993"
405,25.0,Sasha Michelizzi,Sasha,,0,2,2,"$19,919"
406,24.0,Juusei Oura,Eclair,,0,0,2,"$19,879"
407,28.0,Jeronimo Vallejo,Tucu,,0,2,3,"$19,822"
408,,,Hatez,,5,4,2,"$19,755"
409,23.0,Victor Hugo Bruschini,Bersa,,3,5,1,"$19,713"
410,,,Giovanni,,4,2,1,"$19,503"
411,,,Draw,,2,1,4,"$19,463"
412,21.0,Lorenzo Albiero,Dexter,,1,0,1,"$19,396"
413,,,Nekool,,2,3,1,"$19,302"
414,,,Readyy,,0,1,1,"$19,122"
415,,,Florio,,7,5,4,"$19,078"
416,30.0,Ryan Stapley,Lacky,,4,0,4,"$19,030"
417,,,vze,,0,0,0,"$18,894"
418,31.0,Valentin Cheron,Voy,,3,1,3,"$18,845"
419,22.0,Shunnosuke Koga,OkOmEsH,,0,2,1,"$18,766"
420,30.0,Balázs Kővári,blas,,2,2,1,"$18,724"
421,,,Dino,,3,5,6,"$18,705"
422,27.0,Kang Sang-eun,Vamos,,1,0,6,"$18,702"
423,30.0,Yasuhi Nakajo,CrazyPapiyoN,,2,2,7,"$18,618"
424,23.0,Riku Kaizo,Maavi,,0,0,6,"$18,505"
425,,,Mcie,,6,5,4,"$18,479"
426,,,pX,,0,0,0,"$18,311"
427,25.0,Aleks Lyapun,VITO,,9,2,1,"$18,296"
428,22.0,Hugo Kneip,Ra1koss,,6,3,4,"$18,129"
429,23.0,Raine Wright,Dgtl,,5,2,5,"$18,074"
430,31.0,Lucas Rodrigues,yuuk,,0,2,2,"$18,038"
431,25.0,Bautista Manuel Bayugar,AtlaS,,0,1,5,"$17,850"
432,,,Shed,,5,0,3,"$17,838"
433,,,Navy,,2,4,4,"$17,756"
434,22.0,Geremias Agustín Irisarri,Geree,,1,1,3,"$17,600"
435,,,Vale,,2,2,1,"$17,540"
436,28.0,Rasmus Larsson,REDGROOVE,,5,1,1,"$17,401"
437,32.0,Jared Medeiros,Beastly,,2,6,3,"$17,355"
438,27.0,Vinicius Lima,Patoxy,,1,1,1,"$17,273"
439,23.0,Joe Crowther,Joe,,1,2,2,"$17,231"
440,26.0,Itsuki Sasa,Wh1skey,,0,0,2,"$17,022"
441,,,Marsh,,0,0,0,"$16,912"
442,22.0,Arthur Arantes,Ar7hr,,2,5,5,"$16,911"
443,,,Panico,,0,2,6,"$16,840"
444,,,Producerboom,,7,9,3,"$16,831"
445,,,Frenchy,,5,2,2,"$16,787"
446,25.0,Daniel Rotheram,Ferral,,1,2,3,"$16,739"
447,22.0,,Perro,,1,2,2,"$16,634"
448,28.0,Lauren Williams,Goddess,,3,3,2,"$16,441"
449,21.0,Edwin Vázquez,Akibeel,,2,1,1,"$16,439"
450,23.0,Jose Iman,Jo,,4,4,4,"$16,413"
451,,,Nhaiqal,,1,1,1,"$16,401"
452,,,Scatto,,0,0,0,"$16,401"
453,27.0,Ralph Coates,Anarchic,,0,2,3,"$16,353"
454,25.0,Jake Harris,GodLeg1on,,5,3,4,"$16,317"
455,,,Ryce,,5,2,6,"$16,277"
456,30.0,Alexandre Ausesky,AnThraX,,2,6,1,"$16,198"
457,24.0,Souichirou Kumazawa,Acerola,,0,0,2,"$15,920"
458,29.0,Nathan Donday,Alive,,3,8,3,"$15,794"
459,23.0,Baptiste Dedienne,JaKs,,3,2,4,"$15,646"
460,,,ChloroForM,,6,2,2,"$15,539"
461,19.0,Fabián Chio Zhao,Pyroxz,,3,2,1,"$15,465"
462,34.0,Christopher Caccia,KRiiSKO,,1,5,1,"$15,061"
463,23.0,Park Do-hyeon,Kira-Miki,,2,2,5,"$15,046"
464,,,DirTy,,4,2,1,"$14,976"
465,19.0,Lee Eun-sang,EunSang,,3,0,1,"$14,922"
466,,,Quiz,,9,0,2,"$14,895"
467,28.0,Christophe Soares,Chaoxys,,3,1,2,"$14,848"
468,25.0,Eduardo Torassi,Dudds,,2,1,1,"$14,816"
469,26.0,Xavier Garcia,Filthy,,2,3,1,"$14,651"
470,26.0,Masaki Someya,AzzyyyS,,1,4,4,"$14,636"
471,22.0,Landon Ashbee,Beeno,,10,5,7,"$14,545"
472,29.0,Kanata Saeki,YahooN,,1,2,1,"$14,537"
473,26.0,Chase Neely,NotLoading,,2,1,1,"$14,500"
474,,,oNe,,0,2,2,"$14,488"
475,22.0,Dante Italiani,Dante7,,3,3,1,"$14,383"
476,,,Gomess,,0,1,2,"$14,333"
477,,,Stemp,,1,2,2,"$14,226"
478,,,Snake_Nade,,2,2,2,"$14,190"
479,,,Guicho,,2,2,3,"$14,181"
480,24.0,Pavel Chebatkov,Amision,,5,3,1,"$14,040"
481,,,Kyro,,5,4,1,"$14,012"
482,32.0,Álvaro Valero,baroz,,4,5,3,"$13,995"
483,25.0,Alexander Chernyshov,KaMa,,0,4,2,"$13,985"
484,24.0,Richard Nixon Latif,Rixx,,5,7,4,"$13,847"
485,28.0,Thiti Chairoek,Redsun,,8,1,6,"$13,836"
486,,,SkyZs,,6,1,4,"$13,829"
487,22.0,Park Geon-Woo,Gotti,,2,2,1,"$13,799"
488,22.0,Franco Panno,panno9,,1,1,2,"$13,713"
489,24.0,Soshi Ando,SIFTY,,0,0,3,"$13,702"
490,21.0,Hernán Ramirez Burrelo,Skarp,,1,1,1,"$13,667"
491,21.0,Kousei Ota,maou,,0,2,0,"$13,570"
492,,,Ramotov,,0,0,1,"$13,515"
493,,,Nayqo,,7,1,3,"$13,453"
494,26.0,Alex O'Campo,Butterzz,,3,4,1,"$13,444"
495,,,Guto,,0,3,2,"$13,368"
496,25.0,Masahiro Minagi,Candy,,1,4,2,"$13,360"
497,28.0,Santino de Meulenaere,Gomfi,,0,3,1,"$13,359"
498,24.0,Yuki Inomata,A1kyan,,0,3,1,"$13,329"
499,33.0,Ozgur Alturk,Kanine,,2,4,2,"$13,290"
500,24.0,Maksymilian Borkowski,Mekses,,5,4,4,"$13,289"
501,20.0,Alonso Gonzalo Gasca Perez,Fatal,,6,2,1,"$13,209"
502,25.0,Benjamin Ligacki,Benjimoola,,0,2,2,"$13,172"
503,,,DRUNKKZZ,,2,1,2,"$13,171"
504,22.0,Guilherme Goulart,Empttz,,1,4,4,"$13,002"
505,26.0,Leon Snikkers,Leonski,,10,2,2,"$12,967"
506,35.0,Arnaud Billaudel,BiOs,,1,2,1,"$12,960"
507,,,Meight,,1,2,1,"$12,900"
508,21.0,Lachlan Brown,MrB,,5,4,5,"$12,851"
509,28.0,Jason Luu,GhxsT,,1,4,1,"$12,783"
510,,,Lion,,1,1,2,"$12,748"
511,29.0,Kim Ha-neul,EroSA,,2,2,3,"$12,685"
512,21.0,Emiliano Garay,Nitro,,0,1,3,"$12,633"
513,,,Tomas,,3,3,0,"$12,606"
514,25.0,Dean Groenen,Avaiche,,10,2,3,"$12,586"
515,23.0,Alexandre Moranta,QrTz,,4,4,5,"$12,517"
516,,,wrath,,0,1,5,"$12,503"
517,20.0,Gustavo Gabas Leite,H4skk,,1,1,0,"$12,450"
518,26.0,Lara Beatriz Machado,Lara,,18,8,2,"$12,330"
519,,,Nuxxga,,0,1,1,"$12,314"
520,21.0,Victor Henrique Pedron,Daffodil,,0,0,2,"$12,304"
521,24.0,Park Sung-woo,Guard,,0,0,2,"$12,281"
522,,,yektz,,1,2,4,"$12,270"
523,23.0,Joe Pardoe,YZN,,3,3,2,"$12,253"
524,24.0,Seth Pinkney,Abunai,,2,1,4,"$12,147"
525,,,Jayxrs,,4,0,0,"$12,102"
526,26.0,David Khalfa,sNKy,,5,6,5,"$12,023"
527,,,Swag,,2,0,5,"$11,980"
528,28.0,Dylan Brigitte,Dirza,,3,1,2,"$11,869"
529,,,denike,,4,2,2,"$11,824"
530,,,Lasmooo,,5,2,1,"$11,796"
531,37.0,Sébastien Guérineau,FuriouSG,,1,1,1,"$11,750"
532,21.0,Yoon Seo-jeun,Gakki,,1,0,5,"$11,666"
533,24.0,Ko Jae-min,HI_Im_JIN_00,,1,0,6,"$11,611"
534,,,Sam,,0,2,1,"$11,603"
535,22.0,Wu Zong-ci,SHADOW,,2,3,1,"$11,520"
536,26.0,Dyjair Soares,Mity,,3,0,1,"$11,427"
537,22.0,Rahian Ramos,Asa,,2,0,1,"$11,419"
538,33.0,Jonathan Nolasco,spokeN,,4,1,3,"$11,382"
539,27.0,Ken Takazawa,K-RAISER,,2,0,1,"$11,378"
540,29.0,Vitor Janz,IntacT,,1,0,1,"$11,361"
541,24.0,Wesley Beeson,Woos,,8,1,5,"$11,352"
542,,,Powerful,,2,1,0,"$11,333"
543,26.0,Keegan Slovensky,Gasher,,2,2,2,"$11,270"
544,27.0,Maria Eduarda,DudaZera,,9,11,4,"$11,261"
545,24.0,Deverik,Inryo,,6,10,6,"$11,259"
546,,,Fungi,,4,4,1,"$11,224"
547,25.0,Alan Gustavo Ramírez,AlanDerf,,5,4,2,"$11,183"
548,27.0,Adam Ameiche,Adam,,2,1,3,"$11,175"
549,21.0,Richard Rodriguez,blk,,3,1,3,"$11,173"
550,25.0,Christoffer Brushane,Kripps,,1,1,1,"$11,153"
551,24.0,Seok Dae-won,INNO,,0,2,2,"$11,114"
552,,,Aliine,,9,9,3,"$11,068"
553,28.0,Jack Dawber,JackDaddy,,1,5,6,"$11,053"
554,,,Havik,,2,0,0,"$11,000"
555,,,BCK,,2,0,0,"$11,000"
556,,,Vnx,,2,1,1,"$10,971"
557,26.0,Yoshifumi Yukimori,YoshiNNGO,,0,2,2,"$10,918"
558,22.0,Choi Eun-su,Yeebbal,,1,0,5,"$10,791"
559,20.0,Brady Lukens,Spiker,,4,5,2,"$10,781"
560,,,Lazzo,,2,1,2,"$10,780"
561,,,FelarX,,1,1,1,"$10,779"
562,20.0,Jeong Tae-yeon,Napz,,0,1,1,"$10,755"
563,,,Stigs,,3,0,3,"$10,727"
564,23.0,Tim Humpherys,Creators,,1,2,2,"$10,700"
565,24.0,Christian Vázquez,NhilV,,1,2,1,"$10,658"
566,27.0,Giuliano Solon,Krazy,,3,1,0,"$10,634"
567,,,Doodle,,2,0,1,"$10,631"
568,,,AzoXx,,3,3,0,"$10,607"
569,,,Sayochan,,1,1,0,"$10,601"
570,,,Retter,,1,3,2,"$10,576"
571,21.0,Kwak Han-gyeol,Marine,,1,3,1,"$10,568"
572,,,BarcodeOP,,0,1,0,"$10,543"
573,23.0,Hirano Koki,Kohk1,,3,1,0,"$10,489"
574,,,INFAMEZERA,,1,3,2,"$10,417"
575,27.0,Scott Webber,Neptunez,,0,3,1,"$10,343"
576,41.0,Benjamin Leray,Sixquatre,,5,1,1,"$10,213"
577,,,Hashasky,,3,4,3,"$10,126"
578,,,SimplyKesh,,3,1,0,"$10,125"
579,23.0,,Dats,,2,2,1,"$10,121"
580,,,F0RBIZERAA,,2,3,0,"$10,119"
581,23.0,Thainara Julio,Thaii,,17,4,5,"$10,035"
582,,,Beat,,16,8,2,"$10,026"
583,,,zDon,,0,0,0,"$10,000"
584,,,zMiracle,,0,0,0,"$10,000"
585,,,Bailey,,0,3,7,"$9,989"
586,,,Modigga,,0,1,2,"$9,983"
587,28.0,Arif Keskin,Next1,,4,2,5,"$9,976"
588,22.0,Yoon Seo-jin,Crown,,0,0,0,"$9,965"
589,20.0,Connor Felux,Azian,,11,4,7,"$9,942"
590,21.0,James Letkovsky,JJBlazt,,9,8,5,"$9,866"
591,31.0,David Gómez Urrea,p0Lo,,4,1,2,"$9,856"
592,33.0,Guilherme Constancio,Revo1Tz,,0,1,2,"$9,821"
593,,,HasibWantsPeace,,8,7,1,"$9,783"
594,,,Speca,,1,2,4,"$9,717"
595,,,SpawNsss,,0,1,2,"$9,696"
596,,,Seal,,1,0,0,"$9,680"
597,27.0,Aldair Oliva,Unfixed,,4,2,1,"$9,639"
598,,,gCR,,0,2,0,"$9,536"
599,,,Jittery,,16,8,2,"$9,526"
600,26.0,Kian Mozayani,Hyena,,2,0,0,"$9,483"
601,27.0,Lee Kuei-en,S1no,,4,4,0,"$9,476"
602,,,Kurtz,,4,4,2,"$9,476"
603,22.0,Yushi Arai,Vbort,,1,0,2,"$9,471"
604,25.0,Teemu Sairi,Stigi,,2,1,5,"$9,451"
605,32.0,Aaron Chung,Gotcha,,1,2,3,"$9,440"
606,20.0,Julia Brito,Juu,,7,7,4,"$9,376"
607,21.0,Caetano Curbello,Nyjl,,2,1,3,"$9,335"
608,24.0,Iikka Anttila,Erkkari,,6,3,5,"$9,305"
609,22.0,Park Se-ha,Shu,,2,0,2,"$9,292"
610,30.0,Jorge Figueroa,Shoxo,,4,2,2,"$9,249"
611,28.0,Noah Britt,Trippen,,1,6,2,"$9,247"
612,,,Quick,,0,2,0,"$9,174"
613,36.0,Jose Luis Corchero Cortes,weskeRR,,3,6,4,"$9,154"
614,27.0,Kevin Do,Chapstick,,0,2,1,"$9,154"
615,30.0,Christian Gauch,Prod,,1,4,2,"$9,145"
616,30.0,Do You-hyeon,LabyRinth,,0,3,4,"$9,101"
617,24.0,Han Dae-gyu,Tomorrow,,0,3,4,"$9,101"
618,,,VJ,,7,1,0,"$9,067"
619,,,iblackZ,,1,0,5,"$9,042"
620,,,iiMohQ,,0,1,4,"$9,041"
621,,,Bae,,5,2,3,"$9,029"
622,22.0,Robert Kormylo,Melted,,2,0,1,"$9,023"
623,22.0,Jameson Lancaster,KoolAid,,5,2,3,"$8,998"
624,22.0,Yun Seok-hyun,Marb1e,,1,1,1,"$8,980"
625,27.0,Keisuke Kimura,CoPaHiPo,,3,6,0,"$8,938"
626,20.0,Lee Seung-Min,Kupe,,0,1,0,"$8,932"
627,31.0,Brandon Santos,Karnageb,,3,2,2,"$8,931"
628,25.0,Maxime Cahagnet,Meloo,,1,1,3,"$8,927"
629,29.0,Park Jae-hyun,PJH,,0,3,1,"$8,900"
630,20.0,José Juan Monroy Padilla,Phaczy,,1,0,1,"$8,832"
631,21.0,Kim Young-min,Ran,,1,0,1,"$8,823"
632,36.0,Kyle Wrigglesworth,zilchy,,2,1,0,"$8,800"
633,,,Tristan,,4,2,2,"$8,782"
634,30.0,Shuto Nasukawa,Aroer1na,,3,4,0,"$8,733"
635,26.0,Gabriel Bailer de Sousa,fk1,,0,2,0,"$8,711"
636,,,Lucaa,,0,1,1,"$8,689"
637,23.0,Farhan Adinepa,Hermosa,,3,5,3,"$8,688"
638,,,Doq,,2,2,2,"$8,652"
639,,,sno0ken,,2,1,2,"$8,573"
640,37.0,Daniel Ortega Martínez,chOi,,3,4,4,"$8,520"
641,25.0,Ryota Hirata,Window,,1,3,1,"$8,502"
642,,,bor,,0,0,0,"$8,461"
643,23.0,Reira Nishino,Reira,,1,0,2,"$8,443"
644,20.0,Kaoru Moromizato Ykey,Akusu,,0,0,1,"$8,391"
645,27.0,Joseph Eisenmann,Phozzo,,2,3,1,"$8,377"
646,25.0,Ryuya Okubo,VaNiSh,,1,2,0,"$8,362"
647,,,MahMan,,1,1,0,"$8,350"
648,,,Freak,,2,3,5,"$8,350"
649,24.0,Abdullah Rihan,Factor,,0,0,0,"$8,338"
650,,,syliX,,2,1,3,"$8,335"
651,24.0,Gabriela Scheffer,GaB,,6,6,9,"$8,321"
652,,,Jaay,,1,2,2,"$8,310"
653,23.0,Lin Zong-min,Flash,,6,2,1,"$8,289"
654,23.0,Shawn Testa,Twiizt,,3,2,6,"$8,263"
655,24.0,Fynn Lorenzen,Drvn,,2,1,1,"$8,232"
656,,,Turqo,,2,5,2,"$8,229"
657,,,Clipe,,1,1,1,"$8,209"
658,,,LuliArlequina,,9,3,3,"$8,170"
659,,,Roldinii,,2,7,8,"$8,161"
660,25.0,Vitor Ruiz,Vittzzz,,1,0,2,"$8,155"
661,24.0,Jesse Sheffield,Mohesse,,0,2,3,"$8,140"
662,26.0,Leo Kukielka,M4DMAN,,3,3,3,"$8,070"
663,,,Hife,,1,2,4,"$8,066"
664,,,Victory,,1,2,1,"$8,046"
665,23.0,Kyle Anderson,Whimpy,,1,6,2,"$8,043"
666,23.0,Braulio de Jesús Neri Venegas,GladiuZ,,2,4,2,"$7,965"
667,,,JettCon,,14,4,11,"$7,960"
668,31.0,Joshua Diaz,vandal,,1,2,1,"$7,910"
669,19.0,Kim Jang-wook,RuMaTick,,0,0,0,"$7,897"
670,23.0,Kyohei Koyama,Take,,0,2,1,"$7,889"
671,24.0,Charlie Tran,Rooty,,1,3,1,"$7,879"
672,23.0,Nathaniel Williams,naate,,0,3,0,"$7,851"
673,22.0,Tyler Ross,Kento,,4,3,1,"$7,848"
674,27.0,Anatoly Martynov,eXoduSS,,4,4,3,"$7,848"
675,24.0,Anthony Gomez,AnthonyMGS,,1,2,0,"$7,834"
676,,,Zenoxo,,3,6,2,"$7,811"
677,25.0,Kim Yo-sep,Templat,,2,4,4,"$7,807"
678,25.0,Seth Mik,Callout,,2,0,3,"$7,794"
679,,,Maker,,10,4,1,"$7,791"
680,,,Kilo,,1,1,5,"$7,788"
681,,,Mitrix,,0,3,5,"$7,788"
682,27.0,Jamal Qasim Khan,DOC7ER,,8,3,1,"$7,730"
683,26.0,Tomás Troncoso Antireno,Skillz,,1,3,4,"$7,708"
684,25.0,Kirill Belozerov,SmashByAsh,,3,2,3,"$7,708"
685,31.0,Diogo Vieira,D1OGO1,,0,1,0,"$7,700"
686,23.0,Peter Christie-Cnossen,Silent,,2,2,0,"$7,678"
687,,,ItBeStyle,,0,3,5,"$7,672"
688,,,Poison,,8,6,4,"$7,646"
689,34.0,Alex Dalgaard-Hansen,z1ronic,,0,1,0,"$7,618"
690,,,Read,,0,2,2,"$7,598"
691,,,naka,,3,3,2,"$7,585"
692,21.0,Nicolas Fresnel,NearZ,,3,0,4,"$7,577"
693,20.0,Riley Killen,Rival,,6,5,4,"$7,573"
694,22.0,Nikita Kruchinkin,RORICK,,4,1,4,"$7,569"
695,,,IFKToRx,,0,2,0,"$7,530"
696,26.0,Kao Yin-hung,Aimb0t,,5,2,3,"$7,488"
697,,,Krusher,,1,3,0,"$7,487"
698,24.0,Caroline Rubin,Carol,,6,8,4,"$7,478"
699,24.0,Fábio Luiz Pieri,Hxnteer,,2,3,3,"$7,438"
700,20.0,Davey Hendriks,Freq,,5,2,2,"$7,426"
701,30.0,Luiz Filipe,Lipezord,,1,0,2,"$7,419"
702,,,Tuhan,,3,3,2,"$7,417"
703,21.0,Antonio Vázquez,CroqSon,,6,2,0,"$7,405"
704,24.0,Lee Jung-hyun,JungGoon,,1,2,5,"$7,382"
705,33.0,Daniel González Domínguez,LioN,,3,2,4,"$7,368"
706,26.0,Óscar Puerma,Kuriboh,,3,4,3,"$7,330"
707,27.0,Rob Flynn,Flynn,,2,1,0,"$7,325"
708,20.0,,Runner,,1,1,1,"$7,272"
709,,,KhaZiX,,2,5,0,"$7,271"
710,24.0,Adam Kolodkin,Drip,,3,1,0,"$7,267"
711,22.0,Mario Manzato,Dora,,2,2,3,"$7,261"
712,,,JNhan,,2,1,2,"$7,250"
713,,,DjuZ,,2,5,3,"$7,250"
714,28.0,Jeffrey Haworth,The Evil Waffle,,4,1,1,"$7,241"
715,20.0,Feerose Saylaman,idfc,,1,1,3,"$7,230"
716,23.0,,Luugator,,1,0,1,"$7,226"
717,,,DriD,,3,2,4,"$7,216"
718,,,fAAreS,,1,2,0,"$7,210"
719,,,fxrias,,3,1,1,"$7,209"
720,30.0,Kévin Henriques,Whiteshark67,,1,0,1,"$7,203"
721,24.0,Muhammad Hassan,Invi,,4,4,2,"$7,188"
722,25.0,Julio Cesar,Spades,,3,1,2,"$7,185"
723,,,Sparko,,13,8,4,"$7,178"
724,25.0,Jesús Ochoa Aguilar,Gsuz,,3,2,0,"$7,157"
725,28.0,Nino Bernardes Pavolini,ninexT,,1,0,1,"$7,145"
726,,,TaHa,,5,10,1,"$7,104"
727,24.0,Willian Rosa Rodrigues,WiLL,,1,3,0,"$7,074"
728,,,ProtaX,,1,1,2,"$7,059"
729,26.0,Tomasz Adamczyk,Acid,,3,1,2,"$7,051"
730,,,Basthian,,2,0,0,"$7,038"
731,26.0,Connor Wickham,Kngz,,1,1,3,"$7,026"
732,,,Mii7,,9,10,1,"$7,023"
733,,,Focal,,3,1,4,"$7,007"
734,24.0,Matheus Fillipe,KingSt4r,,3,2,1,"$7,002"
735,29.0,Dylan Simoneau,Whiskerzz,,5,0,0,"$6,996"
736,33.0,Brandon Langiano,Raven,,0,3,1,"$6,995"
736,25.0,Fernando González,Raven,,0,3,1,"$6,995"
737,,,Kaefe,,0,2,2,"$6,992"
738,,,Playxr,,3,2,0,"$6,966"
739,22.0,Jeong Seong-Hyeon,Baguette,,0,0,0,"$6,959"
740,26.0,Beau Hobill-Hill,Shade,,2,3,6,"$6,929"
741,28.0,Isaiah Patterson,Vast,,2,1,2,"$6,928"
742,30.0,Jordan Leroy,Quaal,,1,3,1,"$6,915"
743,22.0,Pedro Sabino,PpWs,,2,0,3,"$6,875"
744,30.0,Aleksandr Rusiyev,rush,,2,4,2,"$6,850"
745,,,flaers0,,2,4,2,"$6,850"
746,,,xAbdullah,,0,0,0,"$6,838"
747,22.0,Lee Sang-min,retaddress,,1,0,4,"$6,766"
748,,,Layton,,6,1,2,"$6,752"
749,,,Eupor,,3,1,1,"$6,735"
750,,,KerzZ,,0,0,1,"$6,683"
751,23.0,Wang Jung-hsuan,Xuan,,5,4,1,"$6,677"
752,24.0,Sandhip Sridhar,xSandy,,10,6,1,"$6,643"
753,,,ZETA,,1,2,4,"$6,633"
754,23.0,Jason Mahabir,Sippin,,1,2,1,"$6,617"
755,29.0,Florian Carubia,SangraL,,0,1,2,"$6,617"
756,23.0,Sergey Bolotskov,Skiteyyy,,2,2,3,"$6,615"
757,,,Ryba,,5,2,1,"$6,612"
758,31.0,Jorge Weeks,WikS,,1,2,1,"$6,571"
759,,,Todd,,3,3,5,"$6,550"
760,24.0,Song Min-hyuk,BD,,0,3,7,"$6,544"
761,25.0,Gonzalo Ceridono,WOLFz,,1,2,2,"$6,520"
762,25.0,Pakkapon Pongyeetho,Pxkie,,1,4,0,"$6,508"
763,,,Milostka,,2,1,2,"$6,502"
764,23.0,Jed Dixon,pikniq,,1,0,3,"$6,469"
765,20.0,Kim Geon,Zad,,0,1,0,"$6,448"
766,24.0,Eduardo Ortiz,Luxor,,1,0,0,"$6,444"
767,22.0,Bruna Bessow,bruna,,5,9,2,"$6,429"
768,26.0,Noé Hassen,NoerA,,3,2,3,"$6,412"
769,,,Bouncinballz,,1,0,4,"$6,408"
770,24.0,Jung Ju-young,Nero,,1,1,3,"$6,406"
771,,,Daya,,3,2,2,"$6,387"
772,20.0,Fernanda Patissi de Souza,Nandaa,,5,1,8,"$6,368"
773,35.0,Guillaume Beck,Scok,,0,0,0,"$6,355"
774,23.0,Elouan Louzaouen,Ayzenn,,5,2,3,"$6,338"
775,,,AttackerMindz,,0,0,0,"$6,325"
776,,,Vapo,,1,0,3,"$6,309"
777,24.0,Sai Danush,R4ttl3r,,10,4,2,"$6,277"
778,20.0,Nicolas de Val Cruz,Slater,,2,1,0,"$6,267"
779,24.0,Enio Rodrigues,DreeuZ,,2,1,3,"$6,258"
780,,,S4i,,1,0,1,"$6,248"
781,24.0,Sebastian Lewandrowski,Foster,,5,2,2,"$6,240"
782,,,JKR,,0,2,4,"$6,237"
783,22.0,Chiu Ye-song,SongDi,,5,3,1,"$6,224"
784,,,FATAR,,8,8,0,"$6,222"
785,,,Oj,,2,3,3,"$6,192"
786,20.0,Lee Do-hun,Wplly,,0,0,0,"$6,147"
787,,,Vector,,0,4,3,"$6,112"
788,26.0,Ryan Knierim,P3NG,,5,0,0,"$6,096"
789,,,Mengo,,4,1,0,"$6,096"
790,28.0,Alice Duplan,Kitty,,2,0,1,"$6,065"
791,,,ville,,2,1,5,"$6,038"
792,,,Curly,,5,1,2,"$6,012"
793,,,shu,,4,1,4,"$6,007"
794,,,Killer,,1,0,0,"$6,000"
795,32.0,Riku Pöytäkivi,Keittiömestari,,0,1,2,"$6,000"
796,,,Presidnt,,3,0,2,"$5,975"
797,,,Shift,,1,3,2,"$5,937"
798,,,Nick,,4,3,3,"$5,927"
799,23.0,Pedro Monge,BOPE,,1,0,0,"$5,895"
800,,,Guii,,0,4,0,"$5,863"
801,,,Vivid,,2,1,2,"$5,845"
802,,,GrandReaper,,0,0,0,"$5,843"
803,25.0,Francisco Heredia,Hunther,,1,2,4,"$5,824"
804,,,Razorr,,1,1,1,"$5,818"
805,,,EX7,,9,7,3,"$5,813"
806,29.0,Gurman Bains,GurmyWormy,,0,1,0,"$5,788"
807,21.0,Czikai Máté Gábor,Rexhun999,,2,2,12,"$5,782"
808,27.0,Bartek Hajma,AueR,,5,3,1,"$5,772"
809,,,Maquina,,0,0,2,"$5,771"
810,,,SpeakEqsy,,3,2,0,"$5,766"
811,24.0,Shohma Shiotsuka,Shokei,,2,1,2,"$5,763"
812,23.0,Emma Peterson,Marmalade,,2,6,1,"$5,736"
813,30.0,Jeon Yeong-jin,JaekDow,,1,4,4,"$5,714"
814,27.0,Gabriel Billordo,Billordo,,4,3,1,"$5,713"
815,31.0,Park Hyun,OCN,,4,0,0,"$5,708"
816,,,Eastwood,,3,4,2,"$5,708"
817,,,prototype_1z,,1,4,1,"$5,708"
818,,,Lambe,,0,3,4,"$5,686"
819,,,Thyy,,1,0,2,"$5,645"
820,25.0,Muhammad Akbar Ihsan,Lonely,,4,3,0,"$5,637"
821,,,Kiru,,4,3,3,"$5,608"
822,,,NesT,,1,1,1,"$5,600"
823,,,briyohs,,7,5,3,"$5,556"
824,,,Abreu,,1,1,2,"$5,532"
825,25.0,Martin Kabele,Yuki,,6,1,0,"$5,528"
826,32.0,Eric Rajot,Aherys,,2,2,1,"$5,521"
827,28.0,Mario Oliveira,Nubaii,,2,1,4,"$5,515"
828,21.0,Lucas,Xeno,,5,1,2,"$5,492"
829,,,Linkoo,,1,3,2,"$5,471"
830,32.0,Ivan Cuesta Mendez,KRYP,,2,0,0,"$5,445"
831,26.0,Keisuke Akiyama,ekus,,2,1,0,"$5,427"
832,31.0,Álvaro Gómez,sakke,,2,6,1,"$5,424"
833,21.0,Park Jun-sung,Kanye,,0,1,2,"$5,407"
834,37.0,Cyril Renoud,jahk,,1,1,2,"$5,402"
835,,,Huntr,,1,3,2,"$5,399"
836,26.0,Roland Szabó,StriKe,,8,4,4,"$5,397"
837,,,Adriano,,2,0,4,"$5,392"
838,,,FuZiion,,2,1,4,"$5,386"
839,20.0,,Emilio,,3,5,0,"$5,377"
840,,,Legacy,,2,1,1,"$5,376"
841,,,Rendier,,1,0,0,"$5,375"
842,,,Biz,,0,2,3,"$5,365"
843,25.0,Igor Silva,freezao,,0,3,1,"$5,355"
844,36.0,Jayden Saunders,Dizzle,,2,0,1,"$5,352"
845,34.0,Parker Mackay,Interro,,0,0,0,"$5,335"
846,22.0,Aphichai Wongjak,Deadpool,,5,3,4,"$5,324"
847,,,Funleks,,3,1,2,"$5,304"
848,33.0,Michiel van Dartel,oVie,,1,0,0,"$5,292"
849,20.0,Jeong Tae-hoon,aEnde,,0,0,1,"$5,287"
850,27.0,Riccardo Antoni,RaiDeN,,5,3,4,"$5,266"
851,24.0,Denis Dupljak,BZ,,2,3,3,"$5,198"
852,,,Buzuka,,3,3,1,"$5,194"
853,22.0,Jeffrey Pingel,Saikosys,,1,1,0,"$5,178"
854,,,RE4PER,,10,3,0,"$5,170"
855,,,Marteau,,1,2,0,"$5,163"
856,,,mhagr,,1,1,2,"$5,158"
857,,,xRoyale,,0,1,3,"$5,151"
858,,,Zyon,,1,1,2,"$5,150"
859,,,Boydy,,1,0,5,"$5,127"
860,20.0,Shinya Sogo,sShinya,,0,0,0,"$5,105"
861,,,iZRO,,1,2,1,"$5,097"
862,21.0,Hibiki Hattori,Sylvia,,0,0,0,"$5,092"
863,23.0,Joao Pedro Lopes Gaspar,Gaspro,,2,0,1,"$5,072"
864,,,Shermi,,1,1,4,"$5,062"
865,,,j9krr,,2,2,9,"$5,059"
866,,,Neyox,,4,3,3,"$5,033"
867,26.0,Mariano Sánchez,Yekko,,5,2,1,"$5,001"
868,20.0,Diego Sciacca,zodiac,,6,3,5,"$5,000"
869,28.0,Francesc Illana,JuK4,,2,3,3,"$5,000"
870,,,Benji,,1,1,0,"$4,992"
871,25.0,Matthew Scherer,iMatt,,9,2,4,"$4,932"
872,23.0,Joshua,ChefJeff,,0,3,2,"$4,930"
873,,,Apher,,1,0,1,"$4,918"
874,,,cCrazy,,1,1,1,"$4,914"
875,21.0,Adrián Centurión,Kreevz,,1,0,1,"$4,911"
876,,,Chl0e,,3,5,6,"$4,909"
877,22.0,Jamie Diamond,Skiddy,,0,0,1,"$4,896"
878,23.0,Souma Okada,Duo,,1,0,0,"$4,889"
879,23.0,Haruki Inamura,SmiLing C4T,,1,0,0,"$4,889"
880,23.0,Seo Seong-min,Cloud,,1,1,1,"$4,887"
881,22.0,Gunma Sakamoto,RuRn,,1,0,0,"$4,877"
882,,,Ferda,,2,1,0,"$4,863"
883,24.0,Miguel Angel Crespo Hernández,Crespo,,1,2,1,"$4,852"
884,,,ARMi,,2,1,2,"$4,839"
885,23.0,Jordi Bodro Huete,FOSKITo,,3,3,0,"$4,838"
886,,,C0LDBRO,,0,5,0,"$4,834"
887,,,RhymesWithBuck,,3,2,1,"$4,823"
888,22.0,Mun Seung-chan,moon,,4,3,1,"$4,817"
889,21.0,Zac Siple,slothi,,0,3,1,"$4,816"
890,23.0,Diego Balejo,ZaaK,,1,1,3,"$4,804"
891,27.0,Nicolás Salcedo,nkt,,4,1,1,"$4,767"
892,24.0,Dario Josue Ortiz,Dzr,,2,1,2,"$4,755"
893,26.0,Sedalla Souza,Render,,2,5,7,"$4,752"
894,,,VelveT,,2,1,0,"$4,750"
895,,,pdr1n,,0,4,0,"$4,732"
896,23.0,Alec Bhatty,yungalec,,2,2,1,"$4,713"
897,,,TwX,,0,1,3,"$4,707"
898,23.0,Tadanari Uezato,tadaNiki,,0,2,1,"$4,702"
899,,,Japer,,1,3,2,"$4,698"
900,25.0,Erik Ahrenfeld,Nikoh,,1,2,0,"$4,693"
901,22.0,Valentin Lima,WeTz,,5,1,0,"$4,693"
902,24.0,Zeb Esser,Quadzy,,4,3,1,"$4,676"
903,26.0,Thomas Dumont,Neox,,0,2,3,"$4,671"
904,,,Martin2k,,1,0,0,"$4,667"
905,20.0,Aleck Carvajal,Jebaits,,1,0,3,"$4,658"
906,,,Gabo,,0,1,3,"$4,657"
907,28.0,Michael Stockley,KiXSTAr,,0,1,1,"$4,650"
908,25.0,Bryan Desormeaux,LakQi,,1,2,0,"$4,648"
909,,,ELCbis,,2,5,0,"$4,639"
910,21.0,Zachary McGlede,Logiik,,1,2,3,"$4,633"
911,27.0,Aleksi Kuoppa,Movetaho,,2,0,3,"$4,615"
912,,,hypx,,2,1,3,"$4,611"
913,23.0,Jin Maekawa,JiNm,,0,0,0,"$4,611"
914,,,Splash,,2,1,0,"$4,594"
915,21.0,Michael Reed Sincleair,Reedsink,,4,3,0,"$4,594"
916,24.0,Amar Preet,Death_Amar,,5,4,4,"$4,591"
917,33.0,Adenauer Alvarenga,Silence,,0,0,1,"$4,586"
918,,,N4de,,3,0,0,"$4,582"
919,,,Xclusive,,0,0,2,"$4,580"
920,24.0,Aiden Nixon,Nixon,,1,1,1,"$4,577"
921,,,dod0o,,2,1,2,"$4,543"
922,19.0,Greyson,Ooziie,,2,1,1,"$4,543"
923,,,Ace,,3,0,1,"$4,539"
924,,,Meadzzz,,4,1,2,"$4,532"
925,22.0,,Repix,,1,3,3,"$4,487"
926,,,StorMz,,3,4,3,"$4,460"
927,23.0,Jose Angel Hernandez Bautista,BRKR,,1,1,1,"$4,445"
928,,,Shxdow,,0,1,2,"$4,408"
929,23.0,Ádám Imre Hostisóczki,Hxsti,,0,1,0,"$4,369"
930,21.0,Omar Acosta,OmaRz,,1,0,0,"$4,355"
931,24.0,Josué Rocha,OeN,,2,1,0,"$4,340"
932,22.0,Pablo Medina,Paby,,2,1,0,"$4,327"
933,36.0,Grégory Maisonneuve,Poseidon,,1,6,1,"$4,298"
934,,,Litmuss,,3,1,0,"$4,291"
935,,,Jolten,,0,2,2,"$4,282"
936,22.0,Kim Seong-hyun,H1ro,,4,0,0,"$4,274"
937,21.0,Hwang Gyo-min,NL,,0,3,2,"$4,264"
938,20.0,Santiago Espinosa,Flakko,,0,2,0,"$4,256"
939,,,Aimke,,5,2,5,"$4,248"
940,22.0,Brice Mahmoud,Shoukri,,2,1,1,"$4,248"
941,,,n0rdwindd,,2,1,2,"$4,223"
942,,,Jakenna,,0,2,2,"$4,195"
943,,,Szagi,,2,3,2,"$4,195"
944,,,Shlongii,,1,2,1,"$4,183"
945,25.0,Lara Alencar,Pessima8,,1,5,10,"$4,175"
946,,,Fzics,,1,2,1,"$4,169"
947,,,Patan,,1,0,0,"$4,163"
948,,,Hedsut,,9,2,3,"$4,152"
949,,,Redd,,0,3,1,"$4,141"
950,,,Prede,,3,3,1,"$4,133"
951,,,IceCold,,6,1,0,"$4,126"
952,,,JamSuHwan,,1,1,5,"$4,120"
953,,,geRe,,0,0,3,"$4,115"
954,30.0,Kwon Duk-hyeon,Seolleyo,,1,1,1,"$4,109"
955,24.0,Bry,Bry,,7,4,5,"$4,102"
956,,,ezpzlmnsqz,,0,0,2,"$4,100"
957,,,Ravz,,0,1,2,"$4,091"
958,32.0,Lee Jae-deok,WATB,,1,1,5,"$4,087"
959,,,Aiven,,3,0,0,"$4,080"
960,,,Sunan,,0,2,1,"$4,078"
961,,,Hennessy,,7,3,4,"$4,077"
962,,,Sloppy,,1,2,1,"$4,057"
963,,,Warden,,2,2,3,"$4,052"
964,,,Din,,0,0,0,"$4,048"
965,30.0,Zahar Sinyavcev,PWN3F,,3,0,2,"$4,042"
966,,,Deity,,6,6,5,"$4,036"
967,,,Seezy,,2,3,2,"$4,033"
968,,,Goooft,,1,0,3,"$4,032"
969,,,Jaksu,,3,6,0,"$4,032"
970,,,Pinku,,0,1,2,"$4,029"
971,25.0,Tiago William Huber,SUPREMAA,,1,1,3,"$4,025"
972,,,xedux,,0,0,1,"$4,019"
973,,,Fenz,,3,2,1,"$4,010"
974,,,Skeptic,,0,0,1,"$4,010"
975,27.0,Zheng Shi-hong,Cyan,,2,2,0,"$3,988"
976,29.0,Kim Jeong-woo,r3plicA,,0,0,3,"$3,987"
977,,,ShaZ5ibe.,,3,3,1,"$3,976"
978,,,Riot,,6,3,7,"$3,971"
979,23.0,Konrad Kurzweil,Koji,,4,2,1,"$3,953"
980,27.0,Maximilian Glowacki,Paiin0,,4,2,1,"$3,953"
981,,,Spideytime,,0,1,0,"$3,952"
982,,,PARAA,,2,1,3,"$3,949"
983,28.0,Shin Jun-young,Revi,,0,2,4,"$3,928"
984,,,sSeiiya,,0,0,0,"$3,911"
985,28.0,Andrezza Fontenele,Bits,,5,2,0,"$3,897"
986,,,notyAshritB,,0,4,1,"$3,891"
987,,,Ronny,,1,2,1,"$3,888"
988,,,destiny,,1,1,1,"$3,871"
989,22.0,Giovanna de Fontenele,PinkSouls,,0,9,7,"$3,857"
990,,,Prophecy,,1,0,1,"$3,852"
991,,,PePe,,3,0,1,"$3,840"
992,27.0,Enrique Flores,Clerici,,3,1,1,"$3,834"
993,,,JoeGoR,,1,0,1,"$3,827"
994,36.0,Grégory Maisonneuve,Poseidon,,5,3,1,"$3,827"
995,23.0,Eduardo Viani Santos,dustii,,1,2,1,"$3,823"
996,23.0,Santos Galarraga,SANT9S,,0,3,1,"$3,817"
997,20.0,Daniel Ortega,CadenT,,4,1,0,"$3,807"
998,27.0,João Giordani,VISION,,1,0,3,"$3,805"
999,,,IWI,,1,2,1,"$3,800"
1000,,,Punisher,,3,1,1,"$3,786"
1001,21.0,Larissa Stéfany,Lari,,1,3,9,"$3,769"
1002,24.0,Narabodee Plailaharn,Kirisaku,,4,3,6,"$3,759"
1003,,,Talon,,2,1,1,"$3,758"
1004,24.0,Mark Kaudyk,Optyk,,3,3,0,"$3,753"
1005,24.0,Heshan Virantha,BL4NK,,7,4,3,"$3,752"
1006,,,Chainaa,,3,1,0,"$3,745"
1007,,,NNN1CK,,2,1,4,"$3,743"
1008,24.0,Pedro Henrique Muniz Pereira,Thuunder,,1,0,2,"$3,742"
1009,,,Jango,,1,1,1,"$3,741"
1010,,,FahON,,0,2,4,"$3,738"
1011,,,KSiiX,,1,6,1,"$3,733"
1012,,,Killerman,,1,1,1,"$3,730"
1013,,,Xploidz,,3,1,0,"$3,723"
1014,21.0,Ivan Zhuchkin,sk1per,,2,4,2,"$3,717"
1015,21.0,Seo Hyun-jin,Notion,,0,1,1,"$3,714"
1016,21.0,Yoo Yeon-woo,Accident,,0,1,1,"$3,714"
1017,,,Swaylen,,0,1,3,"$3,700"
1018,,,Lokirio,,4,1,0,"$3,658"
1019,,,Oasis,,2,3,2,"$3,653"
1020,,,Thundderr,,4,1,0,"$3,650"
1021,,,BDA,,4,1,0,"$3,650"
1022,22.0,Luke Slota,Luke,,0,0,1,"$3,633"
1023,23.0,Nicolle Lunardi,Lunardi,,1,3,10,"$3,628"
1024,19.0,Joan Benito,bbySharKK,,5,4,1,"$3,626"
1025,28.0,Álvaro Martín,vASS1LYY,,2,2,4,"$3,623"
1026,,,JTc,,1,3,2,"$3,612"
1027,24.0,Lai Weilin,EdPan,,1,3,1,"$3,591"
1028,,,ana,,2,0,9,"$3,589"
1029,25.0,Anton Bukin,namea,,3,1,0,"$3,583"
1030,,,Dauert,,0,1,1,"$3,573"
1031,,,JoeyG,,2,1,1,"$3,572"
1032,,,AngelzZ,,1,2,0,"$3,566"
1033,22.0,Nicholas Peterson,KKin,,1,1,2,"$3,566"
1034,26.0,Arjan Mateboer,Pangoro,,4,5,2,"$3,563"
1035,23.0,Raphael Quites,TradyZ,,2,1,1,"$3,544"
1036,,,Aero,,0,2,1,"$3,542"
1037,,,PiXeL,,1,0,1,"$3,542"
1038,,,Tactiss,,1,5,1,"$3,521"
1039,,,HaRuSAN,,1,1,0,"$3,519"
1040,24.0,Arvie Wolf,Arv,,7,1,3,"$3,514"
1041,,,GOKU,,1,0,0,"$3,510"
1042,20.0,Hwang Jae-won,DawiD,,0,0,0,"$3,507"
1043,27.0,Guilherme Oliveira,ScorpioN,,1,1,1,"$3,503"
1044,37.0,Murat Motevalli,Mrofficer88,,0,3,0,"$3,488"
1045,26.0,Erick Jiménez,Kcire,,1,1,4,"$3,485"
1046,,,icah,,0,3,1,"$3,485"
1047,23.0,Trent Rowe,Twent,,1,2,0,"$3,472"
1048,,,Nerf,,1,3,1,"$3,471"
1049,24.0,Joshua Scott,Mangoz,,0,1,2,"$3,466"
1050,,,RyRy,,7,4,3,"$3,460"
1051,,,ateesz,,3,3,2,"$3,456"
1052,24.0,Wade Steffens,Hitman,,3,1,0,"$3,454"
1053,,,Sneepy,,1,1,3,"$3,413"
1054,27.0,Alexander Lawson,Yeti,,0,0,2,"$3,407"
1054,25.0,Lim Heon-seong,Yeti,,0,0,2,"$3,407"
1055,21.0,Francisco Sanchez,Yorkz7,,0,0,0,"$3,400"
1056,23.0,Carlos Vargas,Draab,,1,1,4,"$3,398"
1057,,,aPPROX,,0,0,2,"$3,371"
1058,,,Exp0,,0,2,3,"$3,369"
1059,23.0,Christopher Natri,Krizz,,1,3,0,"$3,367"
1060,24.0,Nathalia Penteado,Naath,,2,0,4,"$3,354"
1061,,,xviita,,1,1,2,"$3,344"
1062,,,Elizalde,,1,1,0,"$3,301"
1063,27.0,Daniel Karlsen,JinxedOwl,,4,0,2,"$3,301"
1064,24.0,Malte Tramsen,Acelele,,0,4,3,"$3,279"
1065,30.0,Alexandre Koenig,TPEX,,2,2,1,"$3,260"
1066,,,Candle,,3,3,3,"$3,255"
1067,,,Kili,,4,2,1,"$3,238"
1068,,,Jobuu,,11,4,5,"$3,238"
1069,19.0,Rafael Fernandes Paravizo,Semper,,0,0,0,"$3,231"
1070,27.0,Beatriz Silva,yElektra,,0,3,12,"$3,218"
1071,,,Binbin,,1,1,1,"$3,211"
1072,27.0,Victor Mamont,Prime,,2,1,0,"$3,207"
1073,24.0,Caio César,cainho,,2,1,2,"$3,203"
1074,20.0,Chen Yung-han,Songla,,0,0,1,"$3,200"
1075,26.0,Keenan Dunne,Keenan,,1,0,2,"$3,185"
1076,28.0,Kevin Martín Sierra,Iluzjonist,,1,2,4,"$3,169"
1077,21.0,Brendan Jacob Legler,BjL,,1,2,1,"$3,167"
1078,,,EiZ,,2,2,1,"$3,160"
1079,23.0,Guilherme Maddi,maddi,,1,1,3,"$3,158"
1080,23.0,Ishan Kanungo,Buccinator,,4,1,4,"$3,158"
1081,25.0,Saketh Sasanakota,NINJAFREAK,,4,1,1,"$3,156"
1082,,,Kuush,,2,2,2,"$3,154"
1083,23.0,Jakub Engel,Royal,,1,1,0,"$3,151"
1084,21.0,Megyes Mihály,Fantazy,,1,1,12,"$3,148"
1085,,,Abner,,3,2,0,"$3,140"
1086,,,Atlas,,0,2,2,"$3,131"
1087,,,Friqzal,,0,1,2,"$3,122"
1088,,,Quantic,,2,0,0,"$3,120"
1089,,,Yellow,,1,1,2,"$3,104"
1090,23.0,Joshua Camplin,Campo,,1,1,3,"$3,101"
1091,,,tucanQ,,3,1,2,"$3,091"
1092,,,Shak,,1,2,7,"$3,084"
1093,19.0,Moon hyun-jun,Kai,,1,0,0,"$3,083"
1094,19.0,Kim Ju-han,BINU,,1,0,0,"$3,083"
1095,,,Gorank,,2,2,2,"$3,050"
1096,26.0,Mark Johnstone,Prox,,2,0,4,"$3,038"
1097,,,Apple,,0,2,1,"$3,038"
1098,29.0,Jonatas Gomes da Silva,MEG4,,2,1,0,"$3,017"
1099,25.0,Maria Clara Lombardi,russa,,10,2,3,"$3,013"
1100,,,Perseus,,1,1,0,"$3,010"
1101,,,Ayver,,0,1,0,"$3,000"
1102,30.0,Lee Si-hun,Nova,,0,1,0,"$3,000"
1103,,,MarcoPolo,,0,1,0,"$3,000"
1104,,,SilentRage,,0,1,0,"$3,000"
1105,31.0,Lim Jun-hyuk,Fanxy,,0,1,1,"$2,998"
1106,24.0,Jan Endrych,HanzT,,5,2,1,"$2,993"
1107,29.0,Vincent Masdebail,Masdemort,,4,1,0,"$2,986"
1108,24.0,Tomohisa Imoto,Simotuki,,1,0,2,"$2,982"
1109,23.0,Atharva Patil,Atharv,,5,4,4,"$2,982"
1110,,,Saeved,,0,0,0,"$2,981"
1111,,,StryderEpic,,0,1,1,"$2,976"
1112,,,Scarrs,,0,2,1,"$2,967"
1113,22.0,Veerawat Kamolchet,JLucky,,1,1,3,"$2,956"
1114,,,Dii,,1,4,8,"$2,949"
1115,22.0,Thomas Coria,Koria,,1,0,0,"$2,942"
1116,20.0,Tim Faulkner,Kqrma,,0,1,1,"$2,939"
1117,25.0,Gábor Juhász,DogeFather,,4,2,1,"$2,936"
1118,,,Reveck,,2,0,0,"$2,917"
1119,21.0,Witt Locascio,Wittloc,,4,0,2,"$2,910"
1120,,,MightyAli,,1,0,1,"$2,899"
1121,19.0,Hong Ji-ho,Dochi,,0,0,0,"$2,897"
1122,28.0,Do Gi-chen,DOGI,,3,1,1,"$2,892"
1123,,,Skywalker,,1,0,1,"$2,886"
1124,,,Czar,,1,0,1,"$2,886"
1125,27.0,Janis Linins,Janixs,,0,0,1,"$2,867"
1126,,,Saver,,2,2,0,"$2,866"
1127,22.0,Ignacio Sponton Bais,Nachoto,,0,0,1,"$2,864"
1128,,,Gwzh,,1,2,1,"$2,853"
1129,,,Scarex,,3,2,1,"$2,841"
1130,,,Soyalando,,3,2,1,"$2,827"
1131,26.0,Oskari Huikko,OSKAMOSKA,,3,0,5,"$2,821"
1132,22.0,Jan Voják,Groone,,3,0,2,"$2,820"
1133,23.0,Jeon Won-kyun,Chanzo,,0,2,1,"$2,818"
1134,27.0,Abel Lonovics,TRIFT,,3,3,3,"$2,804"
1135,,,Alpaca,,1,1,1,"$2,800"
1136,24.0,Connor Morgan Jones,Welshyy,,1,2,3,"$2,787"
1137,,,Silenzx,,1,1,2,"$2,776"
1138,19.0,Arbaaz Khan,Baaz,,0,2,0,"$2,752"
1139,25.0,Danielle Andrade,Cherna,,8,0,4,"$2,752"
1140,26.0,Zsombor Vincze,w1oza,,4,3,0,"$2,747"
1141,27.0,Jéssica Pessoa,harley,,1,5,8,"$2,747"
1142,24.0,Rowan Steyn,Xhosa,,11,5,4,"$2,740"
1143,24.0,Filipe Dutra,mgN,,1,0,3,"$2,722"
1144,21.0,Declan Bui,Neptune,,0,1,1,"$2,720"
1145,,,Slypery,,0,1,3,"$2,720"
1146,22.0,Alejandro Argüello,Alee11,,0,1,2,"$2,715"
1147,29.0,David Sléha,Assassin,,5,0,0,"$2,697"
1148,21.0,Botond Kristóf Nagy,Sukar,,1,1,7,"$2,695"
1149,22.0,Nikolas Kaločai,Huntbaby,,2,0,1,"$2,693"
1150,,,Taco,,3,4,1,"$2,693"
1151,25.0,Giuliano Domingos,ghost1,,0,0,0,"$2,689"
1152,25.0,Park Ji-won,LATEPARTY,,1,2,1,"$2,686"
1153,,,zFuzioNN,,3,1,1,"$2,678"
1154,37.0,Jun Matsuura,NoTimeGG,,0,1,1,"$2,675"
1155,37.0,Justin Woods,Lycan,,2,0,0,"$2,670"
1156,,,Naza,,1,0,0,"$2,667"
1157,24.0,Kasper Junnila,Junnika,,2,3,2,"$2,654"
1158,28.0,C.J. Brooks,CookieZ,,0,1,2,"$2,654"
1159,,,Bere,,4,1,3,"$2,645"
1160,,,GuyOnaBear,,1,0,2,"$2,635"
1161,21.0,Kaleb Davidson,Feltwinter,,6,1,1,"$2,633"
1162,34.0,Anthony Nizzardo,HOP3Z,,0,2,0,"$2,625"
1163,,,Bokzera,,1,2,0,"$2,619"
1164,,,cypriSs,,1,0,1,"$2,616"
1165,,,Diffele,,2,4,2,"$2,609"
1166,21.0,Namgung Heon,Honey,,1,0,0,"$2,607"
1167,23.0,Alexandre Desrosiers,Exod,,0,1,1,"$2,603"
1168,,,Elementz,,2,1,1,"$2,599"
1169,23.0,Choi Ju-Seong,JinA,,2,3,1,"$2,598"
1170,,,Yami,,1,1,3,"$2,597"
1171,28.0,Jari van den Berg,Snuf,,5,1,0,"$2,592"
1172,,,Darkeyss,,0,0,2,"$2,588"
1173,,,Swaz,,1,2,1,"$2,580"
1174,,,Hauva,,3,0,3,"$2,578"
1175,23.0,Santiago Alèn,Slemds,,1,1,2,"$2,567"
1176,21.0,Kim Min-Seok,Islet,,0,0,2,"$2,563"
1177,,,PredatR,,3,2,1,"$2,561"
1178,22.0,Joshua Fletcher,JJF5,,7,1,2,"$2,554"
1179,,,Loona,,1,1,0,"$2,551"
1180,,,Siral,,1,1,3,"$2,538"
1181,,,Subarctic,,0,0,1,"$2,538"
1182,24.0,Stanislav Akimov,Leri,,1,0,3,"$2,531"
1183,30.0,Ruben Albardias Idiarte,Wispy,,1,1,3,"$2,530"
1184,21.0,Li Yi-jia,Yiga,,3,1,0,"$2,529"
1185,,,Kef,,1,2,1,"$2,514"
1186,27.0,Bryan Tester,BakaBryan,,0,1,0,"$2,510"
1187,,,WARBARK,,3,1,6,"$2,508"
1188,21.0,Lee Sung-Won,C4SPER,,1,0,0,"$2,506"
1189,,,rdz,,1,1,0,"$2,501"
1190,26.0,Íñigo Gómez De Salazar,Scythe,,1,2,1,"$2,501"
1191,,,CuCu,,0,1,0,"$2,500"
1192,,,Tit0n,,0,1,0,"$2,500"
1193,,,SwaggyP,,0,1,0,"$2,500"
1194,,,Great,,0,1,0,"$2,500"
1195,,,MomoRiNs,,1,0,1,"$2,498"
1196,,,KzB,,1,0,1,"$2,498"
1197,21.0,Hwang Tae-Jung,TJ,,0,0,0,"$2,484"
1198,22.0,Leonardo Sarchi,Sarks,,1,2,0,"$2,484"
1199,,,Noted,,0,0,1,"$2,482"
1200,,,Bapn,,1,0,0,"$2,476"
1201,22.0,Laryssa Vitória da Silva,Laryzinha,,0,1,7,"$2,474"
1202,,,Marcy,,1,1,2,"$2,468"
1203,,,CaioDiniz,,0,1,0,"$2,466"
1204,23.0,Ian Arzate,Larzt,,1,1,2,"$2,457"
1205,,,Moses,,3,2,3,"$2,456"
1206,,,Zander,,0,0,0,"$2,450"
1207,,,Coffin,,1,1,0,"$2,449"
1208,22.0,Amirreza Lahijanzadeh,Lahijanzade,,10,2,1,"$2,448"
1209,28.0,Javier Pérez Bueno,Javixu,,1,1,3,"$2,448"
1210,23.0,Lara Estevan,Larinha,,2,0,2,"$2,446"
1211,22.0,Cristofer Brandon Martinez,August,,0,0,3,"$2,432"
1212,26.0,Yoon Doo-ro,Nenko,,4,1,3,"$2,431"
1213,,,Haze,,3,1,4,"$2,429"
1214,,,Bazoka,,1,0,2,"$2,424"
1215,,,Skunky,,3,5,4,"$2,423"
1216,20.0,Dominic Gierman,Dommy,,6,1,2,"$2,422"
1217,,,Lebb,,0,0,1,"$2,410"
1218,,,Livexer,,1,1,2,"$2,406"
1219,25.0,Michele Strambi,j3n4,,2,0,1,"$2,405"
1220,,,Rexevy,,4,0,1,"$2,400"
1221,28.0,Nipon Imsiri,NameZa,,0,0,0,"$2,398"
1222,,,Flexy,,2,0,1,"$2,390"
1223,,,Lay,,2,0,2,"$2,386"
1224,,,Veyzel,,3,1,2,"$2,380"
1225,24.0,Heo Min-jae,GodGimbap,,1,0,0,"$2,369"
1226,,,Resited,,2,6,3,"$2,365"
1227,,,fredQx,,0,2,3,"$2,360"
1228,29.0,Sam Lassila,breezy,,2,1,0,"$2,350"
1229,,,Anarchy,,3,2,1,"$2,349"
1230,23.0,Duco Oudijn,Duco,,5,3,2,"$2,348"
1231,,,Mayank,,0,3,3,"$2,345"
1232,29.0,Márk Keller,zhoxk,,5,5,1,"$2,341"
1233,29.0,Daniel Ferreira,Lend4,,0,1,0,"$2,336"
1234,29.0,Simone Gelsi,Alation,,3,0,1,"$2,336"
1235,25.0,Ricardo Lopez,Ricto,,0,0,4,"$2,331"
1236,,,Ravenous,,0,1,1,"$2,326"
1237,28.0,Malik Drir,Kabylouu,,2,1,1,"$2,322"
1238,23.0,Joan Castillo,Slaay,,0,1,3,"$2,318"
1239,,,xHeRo,,0,0,0,"$2,316"
1240,,,Max1ly,,2,2,1,"$2,314"
1241,,,OuZii,,2,0,1,"$2,312"
1242,30.0,Eeli Jauhiainen,Roadi,,2,4,2,"$2,312"
1243,28.0,Niels van Caulil,Dark,,3,4,2,"$2,311"
1243,20.0,Miguel Alves,Dark,,3,4,2,"$2,311"
1244,22.0,Pattaradanai Ponsup,LebyRinth,,2,0,2,"$2,308"
1245,,,Deelo,,1,0,1,"$2,307"
1246,,,Roccon,,1,0,1,"$2,307"
1247,26.0,Myllena Almeida,Myss1,,9,1,0,"$2,297"
1248,34.0,Oskar Skowronek,Magic,,3,0,3,"$2,296"
1249,,,AZuKi,,1,1,1,"$2,286"
1250,25.0,Eric Gorski,Billboard,,1,1,1,"$2,284"
1251,25.0,Thomas Perona,SETzz,,1,1,2,"$2,278"
1252,,,Aka,,0,2,0,"$2,275"
1253,,,LeGnO,,2,1,0,"$2,273"
1254,,,Limijan,,1,0,1,"$2,269"
1255,,,Tonez,,3,0,0,"$2,269"
1256,,,Karmaze,,2,3,0,"$2,269"
1257,,,Nellfq,,1,0,0,"$2,262"
1258,,,Bosak,,1,2,1,"$2,258"
1259,,,iMooN,,1,4,5,"$2,254"
1260,,,TragikL,,3,2,2,"$2,250"
1261,,,Hydre,,0,0,2,"$2,249"
1262,30.0,Julius Riikonen,Kyliys,,3,4,0,"$2,245"
1263,,,Jaz,,3,1,2,"$2,244"
1264,,,SnoowW,,3,2,0,"$2,240"
1265,,,Astery,,2,1,4,"$2,240"
1266,,,Baele,,0,1,1,"$2,238"
1267,,,Physicz,,0,1,0,"$2,238"
1268,27.0,Diego Fernandez Franco,Dego,,0,0,1,"$2,227"
1269,,,A1GA,,1,0,2,"$2,225"
1270,22.0,Mahan Amir Hosseini,M0rph,,6,3,0,"$2,224"
1271,,,Mootiii,,2,3,1,"$2,216"
1272,21.0,Ko Jae-young,Jazz,,0,0,2,"$2,215"
1273,,,Derius,,2,1,3,"$2,212"
1274,28.0,Stijn de Rooij,Deox,,6,1,4,"$2,211"
1275,20.0,Faludi Martin,Roky,,2,2,2,"$2,210"
1276,27.0,Amanda Gusmão,mand,,1,5,1,"$2,207"
1277,,,KingLio,,0,1,0,"$2,200"
1278,,,Dru,,2,2,1,"$2,197"
1279,,,Chris,,1,0,3,"$2,169"
1280,,,DotDash,,1,0,2,"$2,167"
1281,22.0,Patrick Tilotta,Fanu,,1,0,1,"$2,166"
1282,,,TankNinjaz,,1,1,3,"$2,161"
1283,,,Primal,,0,0,1,"$2,155"
1284,,,Shax,,5,2,3,"$2,155"
1285,,,Hotshot,,0,0,2,"$2,149"
1286,28.0,Dhanush Mathappan,Firefly,,3,2,5,"$2,149"
1287,24.0,Yari van den Broeck,Staed,,1,3,1,"$2,147"
1288,,,Situf,,0,1,0,"$2,141"
1289,,,Connor,,0,0,2,"$2,136"
1290,,,Trist,,0,1,3,"$2,129"
1291,25.0,Yang Dong-young,Arms_Tina,,2,0,2,"$2,125"
1292,,,Hiperzz,,1,2,2,"$2,118"
1293,,,Franzeta,,1,1,1,"$2,115"
1294,,,Lonnie Lightning,,0,0,0,"$2,100"
1295,,,FlyKer,,0,0,2,"$2,100"
1296,,,Tazzy,,1,5,1,"$2,095"
1297,26.0,Fernando de las Muñecas,Ferchie,,0,0,0,"$2,092"
1298,24.0,Kim Dong-chan,RBT,,0,2,4,"$2,064"
1299,,,SafHiiZ,,0,1,1,"$2,062"
1300,22.0,Nicolas Maulin,Jico4,,2,0,1,"$2,058"
1301,,,LeaN,,0,0,0,"$2,050"
1302,,,JiN,,0,4,2,"$2,044"
1303,18.0,Hsu Zhih-yao,Yao,,0,0,2,"$2,038"
1304,24.0,Adam Duma,Mefisto,,1,2,2,"$2,037"
1305,,,Jonitr,,0,0,1,"$2,035"
1306,,,D4RK,,0,0,3,"$2,031"
1307,,,Avixes,,1,2,1,"$2,030"
1308,,,Mizu,,1,2,1,"$2,030"
1309,19.0,,Zonkey,,4,0,0,"$2,026"
1310,22.0,Julian,Pluto,,1,0,2,"$2,025"
1311,24.0,Zeno van de Seijp,Zeus,,1,2,1,"$2,022"
1312,21.0,Kim Ji-min,TEMMIE,,1,0,1,"$2,008"
1313,21.0,Worakarn Nimsakul,Farlord,,1,2,0,"$2,006"
1314,,,Hektik,,4,2,1,"$2,005"
1315,,,Pome,,1,2,3,"$2,005"
1316,23.0,Luiggi Ianelli,Hellraiser,,0,0,0,"$2,000"
1317,,,Hinjin,,0,0,2,"$2,000"
1318,24.0,Phurin Chaiyawat,Noleaf,,0,0,0,"$2,000"
1319,,,Haste,,0,0,0,"$2,000"
1320,,,Scarlet,,0,0,2,"$2,000"
1321,,,Cueva,,1,0,1,"$2,000"
1322,24.0,Aryaman Singh,QB-,,0,1,5,"$1,994"
1323,28.0,John Jasso J,Lusty_Boi,,3,2,3,"$1,994"
1324,25.0,Yun Chang-hyeon,CheongAhm,,1,0,2,"$1,991"
1325,,,Hit,,0,0,1,"$1,986"
1326,21.0,,reverse,,1,1,0,"$1,980"
1327,22.0,Ross Reid,Skoob,,2,3,1,"$1,977"
1328,27.0,Denis Janiak,Denio,,0,6,1,"$1,975"
1329,,,RaMz,,0,1,1,"$1,964"
1330,25.0,Alanis dos Santos Costa,Lanis,,0,0,9,"$1,956"
1331,,,Undead,,2,0,2,"$1,956"
1332,,,Majestic,,0,0,3,"$1,949"
1333,26.0,Ricardo Ramírez,Stony,,0,2,1,"$1,945"
1334,22.0,Austin Young,Amty,,3,4,3,"$1,943"
1335,22.0,Kim Tae-yeong,Z3rom,,0,1,0,"$1,914"
1336,,,Dpz,,0,0,0,"$1,900"
1337,,,Vipoa,,5,5,3,"$1,899"
1338,,,Lua,,0,0,1,"$1,895"
1339,,,Fletch,,1,2,1,"$1,894"
1340,31.0,Santiago Santana,Curr3nSy,,1,1,4,"$1,893"
1341,19.0,Marcel Kogler,iKoxe,,4,2,1,"$1,884"
1342,,,Yamada,,0,0,0,"$1,883"
1343,23.0,Luann Andrade Couto Monção,Couto,,1,1,1,"$1,878"
1344,,,usog,,2,1,0,"$1,878"
1345,24.0,Benjamin Ploton,Krunch,,2,0,1,"$1,877"
1346,25.0,Jimi Kallioinen,Kalenski,,2,0,3,"$1,871"
1347,,,Stazio,,0,0,2,"$1,870"
1348,,,Spruce,,0,0,3,"$1,870"
1349,,,MikeW,,4,8,1,"$1,870"
1350,22.0,Alex Kawa,BLAZEC0D,,4,0,2,"$1,866"
1351,,,Grzegorzu,,0,4,0,"$1,865"
1352,,,Atomicc,,2,1,2,"$1,860"
1353,,,ReMuSe,,1,0,1,"$1,857"
1354,23.0,Karen Schweitzer,Laady,,0,2,4,"$1,856"
1355,23.0,Izan Romero,D4rK1,,1,2,0,"$1,855"
1356,31.0,Brayam Henrik Vieira,DocKy,,1,0,0,"$1,842"
1357,35.0,Hughes De Schepper,HughesDS,,4,3,2,"$1,841"
1358,32.0,Cristobal Spacapan,Kraften,,0,0,1,"$1,836"
1359,23.0,Tim Leander,Treiko,,5,1,0,"$1,836"
1360,26.0,Igor Pawelec,iqorex,,2,1,3,"$1,831"
1361,,,Deep,,1,2,1,"$1,828"
1362,,,Joee,,1,3,3,"$1,828"
1363,,,Tilteq,,1,1,3,"$1,818"
1364,32.0,Jacob Campbell,XecratioN,,0,1,0,"$1,814"
1365,,,Exer,,2,1,2,"$1,810"
1366,23.0,Juan Pérez,JPz420,,1,0,0,"$1,808"
1367,24.0,David Vila Ortega,Deivid,,1,0,2,"$1,802"
1368,,,Krypticz,,1,2,1,"$1,796"
1369,,,Barth,,1,1,1,"$1,788"
1370,34.0,Samy Smail,Stooflex,,2,0,0,"$1,778"
1371,29.0,Tung Ming Ni,SPirited,,1,0,1,"$1,777"
1372,35.0,Trevor D. Kenzie,KenZ,,0,0,1,"$1,770"
1373,24.0,Matthew Lopez,Ozone,,1,1,0,"$1,769"
1374,,,Reiaes,,1,1,1,"$1,763"
1375,,,Yentire,,0,1,1,"$1,763"
1376,,,Ned,,0,1,1,"$1,763"
1377,,,Acog,,0,1,1,"$1,763"
1378,,,yangiii,,0,2,0,"$1,759"
1379,,,Meira,,1,0,0,"$1,757"
1380,,,Phoenix,,3,1,1,"$1,757"
1381,,,Flopy,,2,2,0,"$1,756"
1382,22.0,Kim Tae-ha,KTH,,0,1,0,"$1,755"
1383,33.0,Matteo Bellotti,Torok,,3,0,1,"$1,754"
1384,28.0,Thainá Machado,Dooxy,,1,5,0,"$1,751"
1385,,,Atoomikk,,0,0,1,"$1,750"
1386,,,DuckYzZ,,0,0,1,"$1,750"
1387,,,Lowww,,0,0,1,"$1,750"
1388,,,Skyline,,0,0,1,"$1,750"
1389,,,Dashboard,,0,0,1,"$1,750"
1390,,,Xefe,,0,0,1,"$1,750"
1391,,,GhOsT RiddLe,,0,0,1,"$1,750"
1392,,,Stif,,0,0,1,"$1,750"
1393,,,Animaul,,0,0,1,"$1,750"
1394,20.0,Ian Bogo,Ghostriddik,,1,0,0,"$1,748"
1395,,,Twizzlr,,4,3,4,"$1,747"
1396,28.0,Jorge Montero,jwey,,1,1,3,"$1,745"
1397,25.0,Nicholas Nilsson,Golden,,1,1,1,"$1,743"
1398,,,WishMaster,,3,3,1,"$1,731"
1399,,,Xjora,,1,0,3,"$1,728"
1400,29.0,Gerardo Garay Gamez,Olimpo,,7,0,0,"$1,728"
1401,26.0,Erik Simon,ShooTeX,,0,1,0,"$1,719"
1402,,,Cuervo,,2,2,0,"$1,718"
1403,,,Heavy,,2,0,0,"$1,717"
1404,,,Shmink,,1,1,0,"$1,716"
1405,,,Fratelli,,1,2,1,"$1,713"
1406,,,Radenty,,3,1,1,"$1,709"
1407,,,Indra,,0,0,0,"$1,708"
1408,33.0,Antonio Riquelo,Cocomilazor,,0,1,0,"$1,708"
1409,28.0,Atsushi Yano,SouLBoi,,0,0,1,"$1,707"
1410,21.0,André Grötz,Cloudy,,5,2,0,"$1,705"
1411,20.0,Im Ji-han,Bonja,,0,0,0,"$1,698"
1412,20.0,Kim Min-seong,Cheong,,0,0,0,"$1,698"
1413,22.0,Guillermo Guinea,ag,,2,1,0,"$1,676"
1414,,,Aphex,,1,1,0,"$1,669"
1415,,,Billzz,,3,1,2,"$1,669"
1416,24.0,Joan Tort Porcuna,NaoResh,,1,0,1,"$1,664"
1417,24.0,Julián Francos Crego,HuliK,,1,0,1,"$1,664"
1418,24.0,Owen,Oh-When,,2,1,0,"$1,656"
1419,,,Schont,,0,0,0,"$1,645"
1420,28.0,Jordan Stoneham,Jugger,,1,1,2,"$1,645"
1421,,,GunHavoK,,0,1,0,"$1,642"
1422,,,Jaiilo,,1,0,4,"$1,630"
1423,,,DavE,,0,3,0,"$1,619"
1424,,,Mopee,,1,1,0,"$1,619"
1425,,,CroNxqq,,1,2,0,"$1,617"
1426,20.0,Sung Min-jae,Roland,,0,0,0,"$1,609"
1427,,,Kanomtuay,,2,0,0,"$1,604"
1428,,,Mas,,0,0,0,"$1,600"
1429,,,Austin,,6,4,2,"$1,598"
1430,,,FaTaLz,,2,1,6,"$1,598"
1431,,,StiZ,,3,4,2,"$1,596"
1432,21.0,Lee Dae-min,LeeDaeMin,,0,0,0,"$1,594"
1433,,,Player45,,5,2,2,"$1,591"
1434,,,Niko2k,,1,1,0,"$1,585"
1435,,,Nos,,2,1,6,"$1,576"
1436,,,Envyed,,0,2,2,"$1,574"
1437,,,Doggon,,3,3,2,"$1,573"
1438,,,Teddis,,2,1,3,"$1,573"
1439,19.0,Kim Yeon-wo,Lev,,0,0,0,"$1,569"
1440,23.0,Kim Hee-man,aDonis,,0,0,0,"$1,569"
1441,,,Ayan,,0,6,1,"$1,567"
1442,,,Cursedwings,,0,1,3,"$1,559"
1443,31.0,Luca Lotti,Peak,,3,0,1,"$1,554"
1444,,,Hunter,,3,0,1,"$1,554"
1445,,,Jayv,,2,1,5,"$1,551"
1446,24.0,Francisco Guillén,Royz,,1,0,1,"$1,550"
1447,22.0,Marc Lagestee,Lags,,0,0,0,"$1,548"
1448,,,VENP4I,,3,1,0,"$1,543"
1449,23.0,,SkysKyskY,,0,0,0,"$1,542"
1450,,,Shoguitor,,0,0,2,"$1,536"
1451,22.0,Ethan McDonald,Sepi,,2,2,0,"$1,525"
1452,,,aftr,,0,0,0,"$1,524"
1453,,,Jordy,,0,0,1,"$1,524"
1454,26.0,Alberto Montenegro,batfat,,1,3,1,"$1,517"
1455,,,Trevmak,,4,1,2,"$1,517"
1456,,,N1xz,,4,1,1,"$1,514"
1457,23.0,Rafaela Miranda,Miranda,,0,0,5,"$1,512"
1458,20.0,Moon Ho-jun,munu74,,1,0,0,"$1,507"
1459,28.0,Ryu Seung-hyeon,Roy Mikelate,,0,1,3,"$1,500"
1460,,,R3mbrandT,,1,1,0,"$1,500"
1461,,,Masher7,,0,0,1,"$1,500"
1462,29.0,Michael Michell Escobal Suarez,Mich4,,1,1,0,"$1,500"
1463,,,XetreV,,1,1,2,"$1,492"
1464,,,Goku,,0,1,0,"$1,490"
1465,22.0,Patrick,Amp,,3,3,1,"$1,487"
1466,28.0,Alejandro Lora,aLex,,1,0,4,"$1,486"
1467,22.0,Kang Yeong-one,Sagem,,0,0,0,"$1,485"
1468,,,Toasung,,0,0,0,"$1,479"
1469,,,Lurifax,,1,2,0,"$1,474"
1470,25.0,Konstantin Volegov,Frey,,0,1,1,"$1,474"
1471,19.0,Cheon Ju-yeong,Dukmani,,1,0,0,"$1,474"
1472,25.0,Min Jin-hong,Hanna,,1,0,0,"$1,474"
1473,27.0,Lee Hyun-min,LHM344,,2,0,2,"$1,473"
1474,26.0,Masashi Miyamoto,Siru,,0,0,0,"$1,469"
1475,,,HaToo,,0,0,0,"$1,463"
1476,,,Atharva,,0,0,0,"$1,452"
1477,,,Cerberus,,0,1,1,"$1,450"
1478,27.0,Marco Varas,MXKX,,3,1,1,"$1,450"
1479,27.0,Jordan Lee Rolph,Rolphy,,1,0,0,"$1,446"
1480,,,Flanked,,1,0,0,"$1,446"
1481,25.0,Ellis Hindle,GiG,,1,0,0,"$1,445"
1482,22.0,Nicholas Naselsky,Space,,5,3,2,"$1,443"
1483,,,JPM,,5,2,1,"$1,439"
1484,,,Hansen,,0,1,6,"$1,437"
1485,,,EL1TE,,1,0,2,"$1,432"
1486,,,Enigma,,0,0,1,"$1,430"
1487,,,Alloy,,0,1,0,"$1,429"
1488,23.0,Kristóf Szokolyai,Falcon,,4,3,0,"$1,421"
1489,23.0,Márk Hodut,Hodka,,4,3,0,"$1,421"
1490,31.0,Daniil Savostin,Johnny,,1,1,0,"$1,415"
1491,27.0,Uday Raj Jain,Skipper,,3,1,3,"$1,406"
1492,,,Sinstar,,2,2,0,"$1,401"
1493,30.0,Iván Iturra,El barto,,0,0,1,"$1,400"
1494,,,Pox,,1,1,1,"$1,394"
1495,,,Bombii,,15,3,0,"$1,391"
1496,24.0,Jack,Jack,,0,1,1,"$1,389"
1497,,,BmH,,1,1,0,"$1,387"
1498,,,Exile,,3,1,2,"$1,384"
1499,26.0,Firat Hisan,Levolution,,3,1,0,"$1,383"
1500,24.0,,Fire,,2,1,1,"$1,376"
1501,,,AngMoh,,0,1,0,"$1,376"
1502,,,Anon,,5,2,1,"$1,373"
1503,,,sKi1Lr,,1,0,1,"$1,371"
1504,,,HazeldorF,,0,0,1,"$1,367"
1505,,,afla,,8,8,4,"$1,366"
1506,,,Drake,,0,0,1,"$1,366"
1507,,,Rafaa,,14,4,0,"$1,363"
1508,,,TOOMI,,0,1,0,"$1,363"
1509,24.0,Juan Pablo Valdivia,JU4MP4,,1,0,1,"$1,362"
1510,21.0,Kim Ha-kyoung,BlessXD,,0,0,0,"$1,361"
1511,,,Kakitare,,2,1,1,"$1,361"
1512,20.0,Ryoo Hyun-woo,SprLuCA,,0,0,0,"$1,361"
1513,27.0,Shuya Abe,tetra,,0,0,0,"$1,356"
1514,,,DZz,,0,0,1,"$1,354"
1515,,,InfinityG7,,11,0,0,"$1,353"
1516,,,DuckDuk,,6,3,2,"$1,342"
1517,,,Benjaacos,,0,1,0,"$1,341"
1518,,,dzn7,,0,1,0,"$1,341"
1519,20.0,Denny McDonald,Den,,3,5,0,"$1,339"
1520,,,ILuMii,,2,2,1,"$1,336"
1521,,,Lucania,,1,5,2,"$1,335"
1522,,,Qcxie,,0,0,0,"$1,335"
1523,,,Dirty,,0,0,0,"$1,335"
1524,,,Matugo,,0,0,0,"$1,333"
1525,,,Gioo,,0,0,0,"$1,330"
1526,19.0,Ilan,Gxldinho,,6,3,4,"$1,329"
1527,25.0,Chatchai Pinpokbut,xCerlotic,,0,0,2,"$1,327"
1528,21.0,David Caprio,Sorry,,0,0,1,"$1,325"
1529,,,garren,,2,3,2,"$1,319"
1530,22.0,Ignacio Passerini,kRMz,,1,0,1,"$1,311"
1531,,,Smacka,,1,2,1,"$1,310"
1532,,,Tilarian,,1,1,0,"$1,309"
1533,23.0,Lautaro Antoño Jurovich,Lautixs,,0,0,0,"$1,308"
1534,26.0,,h4su,,0,0,0,"$1,305"
1535,21.0,Leon Jüttner,Juett,,7,8,4,"$1,299"
1536,,,NotBoku,,0,0,0,"$1,286"
1537,,,Jnosky,,3,2,2,"$1,285"
1538,,,Jcz,,0,0,2,"$1,280"
1539,24.0,Avisek Mallick,AviM,,1,2,4,"$1,277"
1540,21.0,Domantas,d0mantas,,0,4,0,"$1,277"
1541,,,Craxan,,3,1,2,"$1,274"
1542,,,MaeQ,,1,1,1,"$1,272"
1543,,,Nfty,,1,0,1,"$1,267"
1544,,,Darklord,,0,0,3,"$1,266"
1545,,,Gili,,4,3,0,"$1,263"
1546,21.0,Alejandro Garcia,Sneak,,2,4,0,"$1,263"
1547,,,JoT4,,1,0,3,"$1,263"
1548,,,Nexuiz,,1,1,2,"$1,259"
1549,32.0,Marcos Vinícios,Dryx,,1,0,0,"$1,259"
1550,22.0,Jan Małczyński,Malczyn,,2,2,1,"$1,257"
1551,25.0,Yaroslav Kurzin,FMX,,0,0,0,"$1,254"
1552,25.0,Carlos Estrada,Obi,,1,1,0,"$1,253"
1553,,,Mugi,,1,1,0,"$1,253"
1554,28.0,Aman Vivek,Cruzi,,3,1,2,"$1,252"
1555,,,Squall K,,0,0,1,"$1,250"
1556,,,Fidd,,0,0,1,"$1,250"
1557,,,Emotion,,0,0,1,"$1,250"
1558,,,MrPopo,,0,0,1,"$1,250"
1559,,,EquinoX,,0,0,1,"$1,250"
1560,,,Maestro,,0,0,1,"$1,250"
1561,,,Temps,,0,0,1,"$1,250"
1562,,,Forever,,13,3,1,"$1,247"
1563,22.0,Bedirhan Kiliç,Beci,,7,8,2,"$1,242"
1564,,,SkyBuu,,0,0,1,"$1,239"
1565,27.0,Shohei Kameya,Mocho,,0,0,1,"$1,238"
1566,,,Szikaly,,0,1,8,"$1,235"
1567,22.0,Efe Aras,GutterO,,6,3,2,"$1,235"
1568,29.0,Mandeep Singh,DefinitelyaNoob,,1,1,3,"$1,234"
1569,22.0,Mario Manzato,Dora,,1,0,0,"$1,234"
1570,31.0,Grégory Pesenti,Xkos,,1,0,0,"$1,225"
1571,,,Kotly,,0,1,0,"$1,222"
1572,,,Shoxl,,7,3,2,"$1,217"
1573,,,Bodolf,,7,3,2,"$1,217"
1574,,,Kenki,,0,2,1,"$1,211"
1575,,,Jeny,,2,0,0,"$1,207"
1576,,,Darkwin,,0,1,1,"$1,206"
1577,21.0,Alexis Barón,Xyro,,0,0,2,"$1,205"
1578,,,Coy,,1,1,0,"$1,204"
1579,35.0,Jordan Soojian,BKN,,0,0,0,"$1,200"
1580,,,Ranger,,0,0,1,"$1,200"
1581,,,bragod,,1,0,1,"$1,200"
1582,,,Durawix,,1,2,2,"$1,193"
1583,20.0,Adrian D.,zCrxticxl,,6,1,2,"$1,190"
1584,,,Thomsen,,1,0,1,"$1,181"
1585,20.0,Botond Örs Erdélyi,Delyii,,2,1,0,"$1,180"
1586,,,Cybrr,,4,2,2,"$1,179"
1587,,,Xethy,,0,0,1,"$1,179"
1588,19.0,Bogdan Kostyakov,KasiPosHa,,3,5,4,"$1,177"
1589,,,Eleganz,,1,0,1,"$1,175"
1590,,,Highest,,5,2,2,"$1,173"
1591,26.0,Raul Macias Hernandez,ScR,,1,0,1,"$1,172"
1592,,,Cheeseboss,,5,2,2,"$1,169"
1593,22.0,Wood Tam,Neon,,0,0,0,"$1,167"
1594,25.0,Cristobal Brito,Britinzera,,1,2,0,"$1,167"
1595,,,Hijack,,0,0,0,"$1,167"
1596,,,Scheingg,,1,2,0,"$1,167"
1597,,,owo,,0,0,0,"$1,167"
1598,,,Neo,,1,5,2,"$1,165"
1599,26.0,Robert Rečić,Judge,,3,3,1,"$1,164"
1600,,,barol,,0,0,3,"$1,162"
1601,,,Malachi,,0,0,1,"$1,158"
1602,,,Rock,,0,0,1,"$1,157"
1603,,,BiRD,,2,0,0,"$1,150"
1604,,,Nid9y,,0,1,0,"$1,143"
1605,27.0,Brandon Doemges,Xoogle,,1,4,2,"$1,143"
1606,,,Objective,,0,1,0,"$1,143"
1607,,,Etoiles,,1,6,1,"$1,143"
1608,,,Lunchbox,,0,1,2,"$1,140"
1609,,,QuarTurner,,4,4,2,"$1,135"
1610,27.0,Dariusz Rocławski,Typerek,,1,1,3,"$1,124"
1611,29.0,Suphawit Kasemsirisopha,nanoKidz,,1,1,2,"$1,122"
1612,20.0,Patrick B.,p13,,6,1,2,"$1,122"
1613,,,ELOA,,0,2,5,"$1,117"
1614,,,Harry,,0,0,0,"$1,100"
1615,,,Supremisis,,1,0,0,"$1,099"
1616,24.0,Bruna Quini,Maligna,,0,0,4,"$1,097"
1617,29.0,Laurie Lagier,Lyloun,,0,1,0,"$1,093"
1618,,,Skedar,,0,1,1,"$1,089"
1619,,,VINCI,,0,0,2,"$1,088"
1620,,,KunT444L,,0,0,2,"$1,087"
1621,,,Dano,,12,2,0,"$1,087"
1622,21.0,Mert Turgut,Swisswga,,3,3,4,"$1,078"
1623,26.0,Steve Desjardins,NoG,,1,0,1,"$1,075"
1624,,,Bev,,0,1,3,"$1,074"
1625,,,Cobraaaaaaaa,,0,0,1,"$1,068"
1626,30.0,Alejandro Déleon Pajón,Romeo,,0,1,0,"$1,067"
1627,25.0,Tim Grodon,BaasheD,,3,1,0,"$1,060"
1628,,,Kicked,,0,2,1,"$1,058"
1629,,,sNakj,,2,0,0,"$1,055"
1630,22.0,Andrey Baviyan,Andreezy,,0,0,1,"$1,050"
1631,,,River,,0,0,1,"$1,050"
1632,24.0,Adair Guerra,Kaethic,,0,0,2,"$1,043"
1633,,,Matz,,2,2,1,"$1,040"
1634,,,Fakers,,0,0,0,"$1,037"
1635,,,Bigguy,,2,2,2,"$1,035"
1636,,,d3naTi,,6,3,2,"$1,034"
1637,20.0,Jan-Niclas B.,splliz,,6,1,2,"$1,034"
1638,28.0,Rachel,AussiePrincess,,5,2,0,"$1,027"
1639,24.0,Marcello Omobono,g3r0,,0,1,2,"$1,026"
1640,22.0,Sali Jakupi,Haci,,7,6,3,"$1,026"
1641,26.0,Gustavo Toriani,Pandex,,0,0,1,"$1,025"
1642,22.0,Bence Köblös,Koblos,,3,3,0,"$1,025"
1643,,,pupP,,5,2,0,"$1,024"
1644,19.0,Kieren Harley-pesce,Bmzy,,1,3,1,"$1,024"
1645,,,SmileBoi,,0,2,1,"$1,023"
1646,,,ShibeNuts,,0,2,1,"$1,021"
1647,,,VioletVersace,,0,0,1,"$1,018"
1648,,,Zheka,,0,1,1,"$1,015"
1649,20.0,Spencer Katzman,Teddy,,2,1,1,"$1,014"
1650,21.0,Evan McDonnell,Evan,,1,2,0,"$1,012"
1651,,,Rolo,,3,0,0,"$1,008"
1652,,,Majere,,4,1,1,"$1,008"
1653,,,Array,,0,2,1,"$1,007"
1654,23.0,Gabriel Olivari,GeB,,1,0,0,"$1,006"
1655,24.0,José Rivera,Gonna,,1,0,1,"$1,005"
1656,,,JPK,,0,0,1,"$1,004"
1657,,,Baitzera,,2,2,1,"$1,003"
1658,30.0,Jordan Eychenne,Erakore,,0,0,0,"$1,000"
1659,,,ZyTxX,,0,0,1,"$1,000"
1660,,,Kori,,0,0,0,"$1,000"
1661,,,Santa,,0,1,0,"$1,000"
1662,31.0,Toni Castro,Amaze,,0,0,0,"$1,000"
1663,,,zz,,0,2,0,"$1,000"
1664,25.0,Rafael Vargas,Twiistz,,0,1,0,"$1,000"
